"Indikator","Ausprägung","Jahr","id","Raumbezug","Indikatorwert","Basiswert.1","Basiswert.2","Basiswert.3","Basiswert.4","Basiswert.5","Name.Basiswert.1","Name.Basiswert.2","Name.Basiswert.3","Name.Basiswert.4","Name.Basiswert.5"
"Bevölkerungsdichte","insgesamt",2022,"00","Stadt München",5112,1588330,310.7,NA,NA,NA,"Hauptwohnsitzbevölkerung (insgesamt)","Fläche in km²",NA,NA,NA
"Bevölkerungsdichte","insgesamt",2022,"01","Altstadt - Lehel",6614,20808,3.1,NA,NA,NA,"Hauptwohnsitzbevölkerung (insgesamt)","Fläche in km²",NA,NA,NA
"Bevölkerungsdichte","insgesamt",2022,"02","Ludwigsvorstadt - Isarvorstadt",11567,50915,4.4,NA,NA,NA,"Hauptwohnsitzbevölkerung (insgesamt)","Fläche in km²",NA,NA,NA
"Bevölkerungsdichte","insgesamt",2022,"03","Maxvorstadt",12161,52269,4.3,NA,NA,NA,"Hauptwohnsitzbevölkerung (insgesamt)","Fläche in km²",NA,NA,NA
"Bevölkerungsdichte","insgesamt",2022,"04","Schwabing - West",15723,68603,4.4,NA,NA,NA,"Hauptwohnsitzbevölkerung (insgesamt)","Fläche in km²",NA,NA,NA
"Bevölkerungsdichte","insgesamt",2022,"05","Au - Haidhausen",15020,63383,4.2,NA,NA,NA,"Hauptwohnsitzbevölkerung (insgesamt)","Fläche in km²",NA,NA,NA
"Bevölkerungsdichte","insgesamt",2022,"06","Sendling",10412,41011,3.9,NA,NA,NA,"Hauptwohnsitzbevölkerung (insgesamt)","Fläche in km²",NA,NA,NA
"Bevölkerungsdichte","insgesamt",2022,"07","Sendling - Westpark",7895,61702,7.8,NA,NA,NA,"Hauptwohnsitzbevölkerung (insgesamt)","Fläche in km²",NA,NA,NA
"Bevölkerungsdichte","insgesamt",2022,"08","Schwanthalerhöhe",14001,28986,2.1,NA,NA,NA,"Hauptwohnsitzbevölkerung (insgesamt)","Fläche in km²",NA,NA,NA
"Bevölkerungsdichte","insgesamt",2022,"09","Neuhausen - Nymphenburg",7781,100495,12.9,NA,NA,NA,"Hauptwohnsitzbevölkerung (insgesamt)","Fläche in km²",NA,NA,NA
"Bevölkerungsdichte","insgesamt",2022,"10","Moosach",5026,55761,11.1,NA,NA,NA,"Hauptwohnsitzbevölkerung (insgesamt)","Fläche in km²",NA,NA,NA
"Bevölkerungsdichte","insgesamt",2022,"11","Milbertshofen - Am Hart",5739,76998,13.4,NA,NA,NA,"Hauptwohnsitzbevölkerung (insgesamt)","Fläche in km²",NA,NA,NA
"Bevölkerungsdichte","insgesamt",2022,"12","Schwabing - Freimann",3081,79092,25.7,NA,NA,NA,"Hauptwohnsitzbevölkerung (insgesamt)","Fläche in km²",NA,NA,NA
"Bevölkerungsdichte","insgesamt",2022,"13","Bogenhausen",3977,94317,23.7,NA,NA,NA,"Hauptwohnsitzbevölkerung (insgesamt)","Fläche in km²",NA,NA,NA
"Bevölkerungsdichte","insgesamt",2022,"14","Berg am Laim",7466,47148,6.3,NA,NA,NA,"Hauptwohnsitzbevölkerung (insgesamt)","Fläche in km²",NA,NA,NA
"Bevölkerungsdichte","insgesamt",2022,"15","Trudering - Riem",3385,76002,22.5,NA,NA,NA,"Hauptwohnsitzbevölkerung (insgesamt)","Fläche in km²",NA,NA,NA
"Bevölkerungsdichte","insgesamt",2022,"16","Ramersdorf - Perlach",6010,119572,19.9,NA,NA,NA,"Hauptwohnsitzbevölkerung (insgesamt)","Fläche in km²",NA,NA,NA
"Bevölkerungsdichte","insgesamt",2022,"17","Obergiesing - Fasangarten",9433,53964,5.7,NA,NA,NA,"Hauptwohnsitzbevölkerung (insgesamt)","Fläche in km²",NA,NA,NA
"Bevölkerungsdichte","insgesamt",2022,"18","Untergiesing - Harlaching",6711,54068,8.1,NA,NA,NA,"Hauptwohnsitzbevölkerung (insgesamt)","Fläche in km²",NA,NA,NA
"Bevölkerungsdichte","insgesamt",2022,"19","Thalkirchen - Obersendling - Forstenried - Fürstenried - Solln",5691,101087,17.8,NA,NA,NA,"Hauptwohnsitzbevölkerung (insgesamt)","Fläche in km²",NA,NA,NA
"Bevölkerungsdichte","insgesamt",2022,"20","Hadern",5555,51239,9.2,NA,NA,NA,"Hauptwohnsitzbevölkerung (insgesamt)","Fläche in km²",NA,NA,NA
"Bevölkerungsdichte","insgesamt",2022,"21","Pasing - Obermenzing",4868,80309,16.5,NA,NA,NA,"Hauptwohnsitzbevölkerung (insgesamt)","Fläche in km²",NA,NA,NA
"Bevölkerungsdichte","insgesamt",2022,"22","Aubing - Lochhausen - Langwied",1604,54619,34.1,NA,NA,NA,"Hauptwohnsitzbevölkerung (insgesamt)","Fläche in km²",NA,NA,NA
"Bevölkerungsdichte","insgesamt",2022,"23","Allach - Untermenzing",2331,36017,15.5,NA,NA,NA,"Hauptwohnsitzbevölkerung (insgesamt)","Fläche in km²",NA,NA,NA
"Bevölkerungsdichte","insgesamt",2022,"24","Feldmoching - Hasenbergl",2181,63110,28.9,NA,NA,NA,"Hauptwohnsitzbevölkerung (insgesamt)","Fläche in km²",NA,NA,NA
"Bevölkerungsdichte","insgesamt",2022,"25","Laim",10756,56855,5.3,NA,NA,NA,"Hauptwohnsitzbevölkerung (insgesamt)","Fläche in km²",NA,NA,NA
"Bevölkerungsdichte","insgesamt",2021,"00","Stadt München",5027,1562128,310.7,NA,NA,NA,"Hauptwohnsitzbevölkerung (insgesamt)","Fläche in km²",NA,NA,NA
"Bevölkerungsdichte","insgesamt",2021,"01","Altstadt - Lehel",6556,20626,3.1,NA,NA,NA,"Hauptwohnsitzbevölkerung (insgesamt)","Fläche in km²",NA,NA,NA
"Bevölkerungsdichte","insgesamt",2021,"02","Ludwigsvorstadt - Isarvorstadt",11574,50943,4.4,NA,NA,NA,"Hauptwohnsitzbevölkerung (insgesamt)","Fläche in km²",NA,NA,NA
"Bevölkerungsdichte","insgesamt",2021,"03","Maxvorstadt",11918,51228,4.3,NA,NA,NA,"Hauptwohnsitzbevölkerung (insgesamt)","Fläche in km²",NA,NA,NA
"Bevölkerungsdichte","insgesamt",2021,"04","Schwabing - West",15643,68255,4.4,NA,NA,NA,"Hauptwohnsitzbevölkerung (insgesamt)","Fläche in km²",NA,NA,NA
"Bevölkerungsdichte","insgesamt",2021,"05","Au - Haidhausen",14767,62315,4.2,NA,NA,NA,"Hauptwohnsitzbevölkerung (insgesamt)","Fläche in km²",NA,NA,NA
"Bevölkerungsdichte","insgesamt",2021,"06","Sendling",10334,40704,3.9,NA,NA,NA,"Hauptwohnsitzbevölkerung (insgesamt)","Fläche in km²",NA,NA,NA
"Bevölkerungsdichte","insgesamt",2021,"07","Sendling - Westpark",7747,60540,7.8,NA,NA,NA,"Hauptwohnsitzbevölkerung (insgesamt)","Fläche in km²",NA,NA,NA
"Bevölkerungsdichte","insgesamt",2021,"08","Schwanthalerhöhe",13945,28870,2.1,NA,NA,NA,"Hauptwohnsitzbevölkerung (insgesamt)","Fläche in km²",NA,NA,NA
"Bevölkerungsdichte","insgesamt",2021,"09","Neuhausen - Nymphenburg",7698,99415,12.9,NA,NA,NA,"Hauptwohnsitzbevölkerung (insgesamt)","Fläche in km²",NA,NA,NA
"Bevölkerungsdichte","insgesamt",2021,"10","Moosach",4951,54928,11.1,NA,NA,NA,"Hauptwohnsitzbevölkerung (insgesamt)","Fläche in km²",NA,NA,NA
"Bevölkerungsdichte","insgesamt",2021,"11","Milbertshofen - Am Hart",5639,75658,13.4,NA,NA,NA,"Hauptwohnsitzbevölkerung (insgesamt)","Fläche in km²",NA,NA,NA
"Bevölkerungsdichte","insgesamt",2021,"12","Schwabing - Freimann",3026,77701,25.7,NA,NA,NA,"Hauptwohnsitzbevölkerung (insgesamt)","Fläche in km²",NA,NA,NA
"Bevölkerungsdichte","insgesamt",2021,"13","Bogenhausen",3905,92593,23.7,NA,NA,NA,"Hauptwohnsitzbevölkerung (insgesamt)","Fläche in km²",NA,NA,NA
"Bevölkerungsdichte","insgesamt",2021,"14","Berg am Laim",7406,46769,6.3,NA,NA,NA,"Hauptwohnsitzbevölkerung (insgesamt)","Fläche in km²",NA,NA,NA
"Bevölkerungsdichte","insgesamt",2021,"15","Trudering - Riem",3335,74884,22.5,NA,NA,NA,"Hauptwohnsitzbevölkerung (insgesamt)","Fläche in km²",NA,NA,NA
"Bevölkerungsdichte","insgesamt",2021,"16","Ramersdorf - Perlach",5931,118010,19.9,NA,NA,NA,"Hauptwohnsitzbevölkerung (insgesamt)","Fläche in km²",NA,NA,NA
"Bevölkerungsdichte","insgesamt",2021,"17","Obergiesing - Fasangarten",9349,53483,5.7,NA,NA,NA,"Hauptwohnsitzbevölkerung (insgesamt)","Fläche in km²",NA,NA,NA
"Bevölkerungsdichte","insgesamt",2021,"18","Untergiesing - Harlaching",6578,52999,8.1,NA,NA,NA,"Hauptwohnsitzbevölkerung (insgesamt)","Fläche in km²",NA,NA,NA
"Bevölkerungsdichte","insgesamt",2021,"19","Thalkirchen - Obersendling - Forstenried - Fürstenried - Solln",5588,99260,17.8,NA,NA,NA,"Hauptwohnsitzbevölkerung (insgesamt)","Fläche in km²",NA,NA,NA
"Bevölkerungsdichte","insgesamt",2021,"20","Hadern",5452,50290,9.2,NA,NA,NA,"Hauptwohnsitzbevölkerung (insgesamt)","Fläche in km²",NA,NA,NA
"Bevölkerungsdichte","insgesamt",2021,"21","Pasing - Obermenzing",4742,78232,16.5,NA,NA,NA,"Hauptwohnsitzbevölkerung (insgesamt)","Fläche in km²",NA,NA,NA
"Bevölkerungsdichte","insgesamt",2021,"22","Aubing - Lochhausen - Langwied",1521,51786,34.1,NA,NA,NA,"Hauptwohnsitzbevölkerung (insgesamt)","Fläche in km²",NA,NA,NA
"Bevölkerungsdichte","insgesamt",2021,"23","Allach - Untermenzing",2237,34566,15.5,NA,NA,NA,"Hauptwohnsitzbevölkerung (insgesamt)","Fläche in km²",NA,NA,NA
"Bevölkerungsdichte","insgesamt",2021,"24","Feldmoching - Hasenbergl",2149,62192,28.9,NA,NA,NA,"Hauptwohnsitzbevölkerung (insgesamt)","Fläche in km²",NA,NA,NA
"Bevölkerungsdichte","insgesamt",2021,"25","Laim",10571,55881,5.3,NA,NA,NA,"Hauptwohnsitzbevölkerung (insgesamt)","Fläche in km²",NA,NA,NA
"Bevölkerungsdichte","insgesamt",2020,"00","Stadt München",5027,1562096,310.7,NA,NA,NA,"Hauptwohnsitzbevölkerung (insgesamt)","Fläche in km²",NA,NA,NA
"Bevölkerungsdichte","insgesamt",2020,"01","Altstadt - Lehel",6663,20960,3.1,NA,NA,NA,"Hauptwohnsitzbevölkerung (insgesamt)","Fläche in km²",NA,NA,NA
"Bevölkerungsdichte","insgesamt",2020,"02","Ludwigsvorstadt - Isarvorstadt",11711,51547,4.4,NA,NA,NA,"Hauptwohnsitzbevölkerung (insgesamt)","Fläche in km²",NA,NA,NA
"Bevölkerungsdichte","insgesamt",2020,"03","Maxvorstadt",11989,51530,4.3,NA,NA,NA,"Hauptwohnsitzbevölkerung (insgesamt)","Fläche in km²",NA,NA,NA
"Bevölkerungsdichte","insgesamt",2020,"04","Schwabing - West",15756,68750,4.4,NA,NA,NA,"Hauptwohnsitzbevölkerung (insgesamt)","Fläche in km²",NA,NA,NA
"Bevölkerungsdichte","insgesamt",2020,"05","Au - Haidhausen",14776,62353,4.2,NA,NA,NA,"Hauptwohnsitzbevölkerung (insgesamt)","Fläche in km²",NA,NA,NA
"Bevölkerungsdichte","insgesamt",2020,"06","Sendling",10388,40916,3.9,NA,NA,NA,"Hauptwohnsitzbevölkerung (insgesamt)","Fläche in km²",NA,NA,NA
"Bevölkerungsdichte","insgesamt",2020,"07","Sendling - Westpark",7738,60468,7.8,NA,NA,NA,"Hauptwohnsitzbevölkerung (insgesamt)","Fläche in km²",NA,NA,NA
"Bevölkerungsdichte","insgesamt",2020,"08","Schwanthalerhöhe",14166,29328,2.1,NA,NA,NA,"Hauptwohnsitzbevölkerung (insgesamt)","Fläche in km²",NA,NA,NA
"Bevölkerungsdichte","insgesamt",2020,"09","Neuhausen - Nymphenburg",7720,99704,12.9,NA,NA,NA,"Hauptwohnsitzbevölkerung (insgesamt)","Fläche in km²",NA,NA,NA
"Bevölkerungsdichte","insgesamt",2020,"10","Moosach",4952,54934,11.1,NA,NA,NA,"Hauptwohnsitzbevölkerung (insgesamt)","Fläche in km²",NA,NA,NA
"Bevölkerungsdichte","insgesamt",2020,"11","Milbertshofen - Am Hart",5664,75999,13.4,NA,NA,NA,"Hauptwohnsitzbevölkerung (insgesamt)","Fläche in km²",NA,NA,NA
"Bevölkerungsdichte","insgesamt",2020,"12","Schwabing - Freimann",3072,78881,25.7,NA,NA,NA,"Hauptwohnsitzbevölkerung (insgesamt)","Fläche in km²",NA,NA,NA
"Bevölkerungsdichte","insgesamt",2020,"13","Bogenhausen",3874,91855,23.7,NA,NA,NA,"Hauptwohnsitzbevölkerung (insgesamt)","Fläche in km²",NA,NA,NA
"Bevölkerungsdichte","insgesamt",2020,"14","Berg am Laim",7429,46915,6.3,NA,NA,NA,"Hauptwohnsitzbevölkerung (insgesamt)","Fläche in km²",NA,NA,NA
"Bevölkerungsdichte","insgesamt",2020,"15","Trudering - Riem",3316,74456,22.5,NA,NA,NA,"Hauptwohnsitzbevölkerung (insgesamt)","Fläche in km²",NA,NA,NA
"Bevölkerungsdichte","insgesamt",2020,"16","Ramersdorf - Perlach",5938,118147,19.9,NA,NA,NA,"Hauptwohnsitzbevölkerung (insgesamt)","Fläche in km²",NA,NA,NA
"Bevölkerungsdichte","insgesamt",2020,"17","Obergiesing - Fasangarten",9421,53897,5.7,NA,NA,NA,"Hauptwohnsitzbevölkerung (insgesamt)","Fläche in km²",NA,NA,NA
"Bevölkerungsdichte","insgesamt",2020,"18","Untergiesing - Harlaching",6571,52940,8.1,NA,NA,NA,"Hauptwohnsitzbevölkerung (insgesamt)","Fläche in km²",NA,NA,NA
"Bevölkerungsdichte","insgesamt",2020,"19","Thalkirchen - Obersendling - Forstenried - Fürstenried - Solln",5550,98596,17.8,NA,NA,NA,"Hauptwohnsitzbevölkerung (insgesamt)","Fläche in km²",NA,NA,NA
"Bevölkerungsdichte","insgesamt",2020,"20","Hadern",5396,49770,9.2,NA,NA,NA,"Hauptwohnsitzbevölkerung (insgesamt)","Fläche in km²",NA,NA,NA
"Bevölkerungsdichte","insgesamt",2020,"21","Pasing - Obermenzing",4686,77301,16.5,NA,NA,NA,"Hauptwohnsitzbevölkerung (insgesamt)","Fläche in km²",NA,NA,NA
"Bevölkerungsdichte","insgesamt",2020,"22","Aubing - Lochhausen - Langwied",1472,50140,34.1,NA,NA,NA,"Hauptwohnsitzbevölkerung (insgesamt)","Fläche in km²",NA,NA,NA
"Bevölkerungsdichte","insgesamt",2020,"23","Allach - Untermenzing",2182,33710,15.5,NA,NA,NA,"Hauptwohnsitzbevölkerung (insgesamt)","Fläche in km²",NA,NA,NA
"Bevölkerungsdichte","insgesamt",2020,"24","Feldmoching - Hasenbergl",2152,62270,28.9,NA,NA,NA,"Hauptwohnsitzbevölkerung (insgesamt)","Fläche in km²",NA,NA,NA
"Bevölkerungsdichte","insgesamt",2020,"25","Laim",10732,56729,5.3,NA,NA,NA,"Hauptwohnsitzbevölkerung (insgesamt)","Fläche in km²",NA,NA,NA
"Bevölkerungsdichte","insgesamt",2019,"00","Stadt München",5021,1560042,310.7,NA,NA,NA,"Hauptwohnsitzbevölkerung (insgesamt)","Fläche in km²",NA,NA,NA
"Bevölkerungsdichte","insgesamt",2019,"01","Altstadt - Lehel",6716,21126,3.1,NA,NA,NA,"Hauptwohnsitzbevölkerung (insgesamt)","Fläche in km²",NA,NA,NA
"Bevölkerungsdichte","insgesamt",2019,"02","Ludwigsvorstadt - Isarvorstadt",11799,51933,4.4,NA,NA,NA,"Hauptwohnsitzbevölkerung (insgesamt)","Fläche in km²",NA,NA,NA
"Bevölkerungsdichte","insgesamt",2019,"03","Maxvorstadt",12060,51834,4.3,NA,NA,NA,"Hauptwohnsitzbevölkerung (insgesamt)","Fläche in km²",NA,NA,NA
"Bevölkerungsdichte","insgesamt",2019,"04","Schwabing - West",15800,68935,4.4,NA,NA,NA,"Hauptwohnsitzbevölkerung (insgesamt)","Fläche in km²",NA,NA,NA
"Bevölkerungsdichte","insgesamt",2019,"05","Au - Haidhausen",14611,61654,4.2,NA,NA,NA,"Hauptwohnsitzbevölkerung (insgesamt)","Fläche in km²",NA,NA,NA
"Bevölkerungsdichte","insgesamt",2019,"06","Sendling",10475,41256,3.9,NA,NA,NA,"Hauptwohnsitzbevölkerung (insgesamt)","Fläche in km²",NA,NA,NA
"Bevölkerungsdichte","insgesamt",2019,"07","Sendling - Westpark",7742,60498,7.8,NA,NA,NA,"Hauptwohnsitzbevölkerung (insgesamt)","Fläche in km²",NA,NA,NA
"Bevölkerungsdichte","insgesamt",2019,"08","Schwanthalerhöhe",14303,29611,2.1,NA,NA,NA,"Hauptwohnsitzbevölkerung (insgesamt)","Fläche in km²",NA,NA,NA
"Bevölkerungsdichte","insgesamt",2019,"09","Neuhausen - Nymphenburg",7760,100213,12.9,NA,NA,NA,"Hauptwohnsitzbevölkerung (insgesamt)","Fläche in km²",NA,NA,NA
"Bevölkerungsdichte","insgesamt",2019,"10","Moosach",4946,54872,11.1,NA,NA,NA,"Hauptwohnsitzbevölkerung (insgesamt)","Fläche in km²",NA,NA,NA
"Bevölkerungsdichte","insgesamt",2019,"11","Milbertshofen - Am Hart",5706,76559,13.4,NA,NA,NA,"Hauptwohnsitzbevölkerung (insgesamt)","Fläche in km²",NA,NA,NA
"Bevölkerungsdichte","insgesamt",2019,"12","Schwabing - Freimann",3064,78657,25.7,NA,NA,NA,"Hauptwohnsitzbevölkerung (insgesamt)","Fläche in km²",NA,NA,NA
"Bevölkerungsdichte","insgesamt",2019,"13","Bogenhausen",3797,90025,23.7,NA,NA,NA,"Hauptwohnsitzbevölkerung (insgesamt)","Fläche in km²",NA,NA,NA
"Bevölkerungsdichte","insgesamt",2019,"14","Berg am Laim",7443,47000,6.3,NA,NA,NA,"Hauptwohnsitzbevölkerung (insgesamt)","Fläche in km²",NA,NA,NA
"Bevölkerungsdichte","insgesamt",2019,"15","Trudering - Riem",3273,73479,22.5,NA,NA,NA,"Hauptwohnsitzbevölkerung (insgesamt)","Fläche in km²",NA,NA,NA
"Bevölkerungsdichte","insgesamt",2019,"16","Ramersdorf - Perlach",5927,117918,19.9,NA,NA,NA,"Hauptwohnsitzbevölkerung (insgesamt)","Fläche in km²",NA,NA,NA
"Bevölkerungsdichte","insgesamt",2019,"17","Obergiesing - Fasangarten",9527,54498,5.7,NA,NA,NA,"Hauptwohnsitzbevölkerung (insgesamt)","Fläche in km²",NA,NA,NA
"Bevölkerungsdichte","insgesamt",2019,"18","Untergiesing - Harlaching",6609,53243,8.1,NA,NA,NA,"Hauptwohnsitzbevölkerung (insgesamt)","Fläche in km²",NA,NA,NA
"Bevölkerungsdichte","insgesamt",2019,"19","Thalkirchen - Obersendling - Forstenried - Fürstenried - Solln",5500,97689,17.8,NA,NA,NA,"Hauptwohnsitzbevölkerung (insgesamt)","Fläche in km²",NA,NA,NA
"Bevölkerungsdichte","insgesamt",2019,"20","Hadern",5439,50165,9.2,NA,NA,NA,"Hauptwohnsitzbevölkerung (insgesamt)","Fläche in km²",NA,NA,NA
"Bevölkerungsdichte","insgesamt",2019,"21","Pasing - Obermenzing",4628,76348,16.5,NA,NA,NA,"Hauptwohnsitzbevölkerung (insgesamt)","Fläche in km²",NA,NA,NA
"Bevölkerungsdichte","insgesamt",2019,"22","Aubing - Lochhausen - Langwied",1441,49072,34.1,NA,NA,NA,"Hauptwohnsitzbevölkerung (insgesamt)","Fläche in km²",NA,NA,NA
"Bevölkerungsdichte","insgesamt",2019,"23","Allach - Untermenzing",2218,34277,15.5,NA,NA,NA,"Hauptwohnsitzbevölkerung (insgesamt)","Fläche in km²",NA,NA,NA
"Bevölkerungsdichte","insgesamt",2019,"24","Feldmoching - Hasenbergl",2145,62069,28.9,NA,NA,NA,"Hauptwohnsitzbevölkerung (insgesamt)","Fläche in km²",NA,NA,NA
"Bevölkerungsdichte","insgesamt",2019,"25","Laim",10804,57111,5.3,NA,NA,NA,"Hauptwohnsitzbevölkerung (insgesamt)","Fläche in km²",NA,NA,NA
"Bevölkerungsdichte","insgesamt",2018,"00","Stadt München",4963,1542211,310.7,NA,NA,NA,"Hauptwohnsitzbevölkerung (insgesamt)","Fläche in km²",NA,NA,NA
"Bevölkerungsdichte","insgesamt",2018,"01","Altstadt - Lehel",6708,21100,3.1,NA,NA,NA,"Hauptwohnsitzbevölkerung (insgesamt)","Fläche in km²",NA,NA,NA
"Bevölkerungsdichte","insgesamt",2018,"02","Ludwigsvorstadt - Isarvorstadt",11734,51644,4.4,NA,NA,NA,"Hauptwohnsitzbevölkerung (insgesamt)","Fläche in km²",NA,NA,NA
"Bevölkerungsdichte","insgesamt",2018,"03","Maxvorstadt",11960,51402,4.3,NA,NA,NA,"Hauptwohnsitzbevölkerung (insgesamt)","Fläche in km²",NA,NA,NA
"Bevölkerungsdichte","insgesamt",2018,"04","Schwabing - West",15706,68527,4.4,NA,NA,NA,"Hauptwohnsitzbevölkerung (insgesamt)","Fläche in km²",NA,NA,NA
"Bevölkerungsdichte","insgesamt",2018,"05","Au - Haidhausen",14541,61356,4.2,NA,NA,NA,"Hauptwohnsitzbevölkerung (insgesamt)","Fläche in km²",NA,NA,NA
"Bevölkerungsdichte","insgesamt",2018,"06","Sendling",10405,40983,3.9,NA,NA,NA,"Hauptwohnsitzbevölkerung (insgesamt)","Fläche in km²",NA,NA,NA
"Bevölkerungsdichte","insgesamt",2018,"07","Sendling - Westpark",7632,59643,7.8,NA,NA,NA,"Hauptwohnsitzbevölkerung (insgesamt)","Fläche in km²",NA,NA,NA
"Bevölkerungsdichte","insgesamt",2018,"08","Schwanthalerhöhe",14367,29743,2.1,NA,NA,NA,"Hauptwohnsitzbevölkerung (insgesamt)","Fläche in km²",NA,NA,NA
"Bevölkerungsdichte","insgesamt",2018,"09","Neuhausen - Nymphenburg",7651,98814,12.9,NA,NA,NA,"Hauptwohnsitzbevölkerung (insgesamt)","Fläche in km²",NA,NA,NA
"Bevölkerungsdichte","insgesamt",2018,"10","Moosach",4888,54223,11.1,NA,NA,NA,"Hauptwohnsitzbevölkerung (insgesamt)","Fläche in km²",NA,NA,NA
"Bevölkerungsdichte","insgesamt",2018,"11","Milbertshofen - Am Hart",5597,75094,13.4,NA,NA,NA,"Hauptwohnsitzbevölkerung (insgesamt)","Fläche in km²",NA,NA,NA
"Bevölkerungsdichte","insgesamt",2018,"12","Schwabing - Freimann",3036,77936,25.7,NA,NA,NA,"Hauptwohnsitzbevölkerung (insgesamt)","Fläche in km²",NA,NA,NA
"Bevölkerungsdichte","insgesamt",2018,"13","Bogenhausen",3709,87950,23.7,NA,NA,NA,"Hauptwohnsitzbevölkerung (insgesamt)","Fläche in km²",NA,NA,NA
"Bevölkerungsdichte","insgesamt",2018,"14","Berg am Laim",7300,46098,6.3,NA,NA,NA,"Hauptwohnsitzbevölkerung (insgesamt)","Fläche in km²",NA,NA,NA
"Bevölkerungsdichte","insgesamt",2018,"15","Trudering - Riem",3261,73206,22.5,NA,NA,NA,"Hauptwohnsitzbevölkerung (insgesamt)","Fläche in km²",NA,NA,NA
"Bevölkerungsdichte","insgesamt",2018,"16","Ramersdorf - Perlach",5847,116327,19.9,NA,NA,NA,"Hauptwohnsitzbevölkerung (insgesamt)","Fläche in km²",NA,NA,NA
"Bevölkerungsdichte","insgesamt",2018,"17","Obergiesing - Fasangarten",9485,54256,5.7,NA,NA,NA,"Hauptwohnsitzbevölkerung (insgesamt)","Fläche in km²",NA,NA,NA
"Bevölkerungsdichte","insgesamt",2018,"18","Untergiesing - Harlaching",6601,53184,8.1,NA,NA,NA,"Hauptwohnsitzbevölkerung (insgesamt)","Fläche in km²",NA,NA,NA
"Bevölkerungsdichte","insgesamt",2018,"19","Thalkirchen - Obersendling - Forstenried - Fürstenried - Solln",5445,96714,17.8,NA,NA,NA,"Hauptwohnsitzbevölkerung (insgesamt)","Fläche in km²",NA,NA,NA
"Bevölkerungsdichte","insgesamt",2018,"20","Hadern",5410,49898,9.2,NA,NA,NA,"Hauptwohnsitzbevölkerung (insgesamt)","Fläche in km²",NA,NA,NA
"Bevölkerungsdichte","insgesamt",2018,"21","Pasing - Obermenzing",4523,74625,16.5,NA,NA,NA,"Hauptwohnsitzbevölkerung (insgesamt)","Fläche in km²",NA,NA,NA
"Bevölkerungsdichte","insgesamt",2018,"22","Aubing - Lochhausen - Langwied",1404,47813,34.1,NA,NA,NA,"Hauptwohnsitzbevölkerung (insgesamt)","Fläche in km²",NA,NA,NA
"Bevölkerungsdichte","insgesamt",2018,"23","Allach - Untermenzing",2159,33355,15.5,NA,NA,NA,"Hauptwohnsitzbevölkerung (insgesamt)","Fläche in km²",NA,NA,NA
"Bevölkerungsdichte","insgesamt",2018,"24","Feldmoching - Hasenbergl",2135,61774,28.9,NA,NA,NA,"Hauptwohnsitzbevölkerung (insgesamt)","Fläche in km²",NA,NA,NA
"Bevölkerungsdichte","insgesamt",2018,"25","Laim",10698,56546,5.3,NA,NA,NA,"Hauptwohnsitzbevölkerung (insgesamt)","Fläche in km²",NA,NA,NA
"Bevölkerungsdichte","insgesamt",2017,"00","Stadt München",4911,1526056,310.7,NA,NA,NA,"Hauptwohnsitzbevölkerung (insgesamt)","Fläche in km²",NA,NA,NA
"Bevölkerungsdichte","insgesamt",2017,"01","Altstadt - Lehel",6652,20926,3.1,NA,NA,NA,"Hauptwohnsitzbevölkerung (insgesamt)","Fläche in km²",NA,NA,NA
"Bevölkerungsdichte","insgesamt",2017,"02","Ludwigsvorstadt - Isarvorstadt",11731,51632,4.4,NA,NA,NA,"Hauptwohnsitzbevölkerung (insgesamt)","Fläche in km²",NA,NA,NA
"Bevölkerungsdichte","insgesamt",2017,"03","Maxvorstadt",11939,51311,4.3,NA,NA,NA,"Hauptwohnsitzbevölkerung (insgesamt)","Fläche in km²",NA,NA,NA
"Bevölkerungsdichte","insgesamt",2017,"04","Schwabing - West",15646,68265,4.4,NA,NA,NA,"Hauptwohnsitzbevölkerung (insgesamt)","Fläche in km²",NA,NA,NA
"Bevölkerungsdichte","insgesamt",2017,"05","Au - Haidhausen",14441,60937,4.2,NA,NA,NA,"Hauptwohnsitzbevölkerung (insgesamt)","Fläche in km²",NA,NA,NA
"Bevölkerungsdichte","insgesamt",2017,"06","Sendling",10329,40682,3.9,NA,NA,NA,"Hauptwohnsitzbevölkerung (insgesamt)","Fläche in km²",NA,NA,NA
"Bevölkerungsdichte","insgesamt",2017,"07","Sendling - Westpark",7599,59386,7.8,NA,NA,NA,"Hauptwohnsitzbevölkerung (insgesamt)","Fläche in km²",NA,NA,NA
"Bevölkerungsdichte","insgesamt",2017,"08","Schwanthalerhöhe",14267,29535,2.1,NA,NA,NA,"Hauptwohnsitzbevölkerung (insgesamt)","Fläche in km²",NA,NA,NA
"Bevölkerungsdichte","insgesamt",2017,"09","Neuhausen - Nymphenburg",7629,98520,12.9,NA,NA,NA,"Hauptwohnsitzbevölkerung (insgesamt)","Fläche in km²",NA,NA,NA
"Bevölkerungsdichte","insgesamt",2017,"10","Moosach",4837,53662,11.1,NA,NA,NA,"Hauptwohnsitzbevölkerung (insgesamt)","Fläche in km²",NA,NA,NA
"Bevölkerungsdichte","insgesamt",2017,"11","Milbertshofen - Am Hart",5570,74731,13.4,NA,NA,NA,"Hauptwohnsitzbevölkerung (insgesamt)","Fläche in km²",NA,NA,NA
"Bevölkerungsdichte","insgesamt",2017,"12","Schwabing - Freimann",2974,76341,25.7,NA,NA,NA,"Hauptwohnsitzbevölkerung (insgesamt)","Fläche in km²",NA,NA,NA
"Bevölkerungsdichte","insgesamt",2017,"13","Bogenhausen",3626,85971,23.7,NA,NA,NA,"Hauptwohnsitzbevölkerung (insgesamt)","Fläche in km²",NA,NA,NA
"Bevölkerungsdichte","insgesamt",2017,"14","Berg am Laim",7219,45582,6.3,NA,NA,NA,"Hauptwohnsitzbevölkerung (insgesamt)","Fläche in km²",NA,NA,NA
"Bevölkerungsdichte","insgesamt",2017,"15","Trudering - Riem",3207,72006,22.5,NA,NA,NA,"Hauptwohnsitzbevölkerung (insgesamt)","Fläche in km²",NA,NA,NA
"Bevölkerungsdichte","insgesamt",2017,"16","Ramersdorf - Perlach",5754,114478,19.9,NA,NA,NA,"Hauptwohnsitzbevölkerung (insgesamt)","Fläche in km²",NA,NA,NA
"Bevölkerungsdichte","insgesamt",2017,"17","Obergiesing - Fasangarten",9429,53937,5.7,NA,NA,NA,"Hauptwohnsitzbevölkerung (insgesamt)","Fläche in km²",NA,NA,NA
"Bevölkerungsdichte","insgesamt",2017,"18","Untergiesing - Harlaching",6529,52600,8.1,NA,NA,NA,"Hauptwohnsitzbevölkerung (insgesamt)","Fläche in km²",NA,NA,NA
"Bevölkerungsdichte","insgesamt",2017,"19","Thalkirchen - Obersendling - Forstenried - Fürstenried - Solln",5379,95554,17.8,NA,NA,NA,"Hauptwohnsitzbevölkerung (insgesamt)","Fläche in km²",NA,NA,NA
"Bevölkerungsdichte","insgesamt",2017,"20","Hadern",5380,49626,9.2,NA,NA,NA,"Hauptwohnsitzbevölkerung (insgesamt)","Fläche in km²",NA,NA,NA
"Bevölkerungsdichte","insgesamt",2017,"21","Pasing - Obermenzing",4491,74098,16.5,NA,NA,NA,"Hauptwohnsitzbevölkerung (insgesamt)","Fläche in km²",NA,NA,NA
"Bevölkerungsdichte","insgesamt",2017,"22","Aubing - Lochhausen - Langwied",1362,46385,34.1,NA,NA,NA,"Hauptwohnsitzbevölkerung (insgesamt)","Fläche in km²",NA,NA,NA
"Bevölkerungsdichte","insgesamt",2017,"23","Allach - Untermenzing",2115,32677,15.5,NA,NA,NA,"Hauptwohnsitzbevölkerung (insgesamt)","Fläche in km²",NA,NA,NA
"Bevölkerungsdichte","insgesamt",2017,"24","Feldmoching - Hasenbergl",2106,60933,28.9,NA,NA,NA,"Hauptwohnsitzbevölkerung (insgesamt)","Fläche in km²",NA,NA,NA
"Bevölkerungsdichte","insgesamt",2017,"25","Laim",10647,56281,5.3,NA,NA,NA,"Hauptwohnsitzbevölkerung (insgesamt)","Fläche in km²",NA,NA,NA
"Bevölkerungsdichte","insgesamt",2016,"00","Stadt München",4966,1542860,310.7,NA,NA,NA,"Hauptwohnsitzbevölkerung (insgesamt)","Fläche in km²",NA,NA,NA
"Bevölkerungsdichte","insgesamt",2016,"01","Altstadt - Lehel",6820,21454,3.1,NA,NA,NA,"Hauptwohnsitzbevölkerung (insgesamt)","Fläche in km²",NA,NA,NA
"Bevölkerungsdichte","insgesamt",2016,"02","Ludwigsvorstadt - Isarvorstadt",12477,54915,4.4,NA,NA,NA,"Hauptwohnsitzbevölkerung (insgesamt)","Fläche in km²",NA,NA,NA
"Bevölkerungsdichte","insgesamt",2016,"03","Maxvorstadt",12435,53443,4.3,NA,NA,NA,"Hauptwohnsitzbevölkerung (insgesamt)","Fläche in km²",NA,NA,NA
"Bevölkerungsdichte","insgesamt",2016,"04","Schwabing - West",15908,69407,4.4,NA,NA,NA,"Hauptwohnsitzbevölkerung (insgesamt)","Fläche in km²",NA,NA,NA
"Bevölkerungsdichte","insgesamt",2016,"05","Au - Haidhausen",14693,61999,4.2,NA,NA,NA,"Hauptwohnsitzbevölkerung (insgesamt)","Fläche in km²",NA,NA,NA
"Bevölkerungsdichte","insgesamt",2016,"06","Sendling",10468,41230,3.9,NA,NA,NA,"Hauptwohnsitzbevölkerung (insgesamt)","Fläche in km²",NA,NA,NA
"Bevölkerungsdichte","insgesamt",2016,"07","Sendling - Westpark",7572,59174,7.8,NA,NA,NA,"Hauptwohnsitzbevölkerung (insgesamt)","Fläche in km²",NA,NA,NA
"Bevölkerungsdichte","insgesamt",2016,"08","Schwanthalerhöhe",14627,30282,2.1,NA,NA,NA,"Hauptwohnsitzbevölkerung (insgesamt)","Fläche in km²",NA,NA,NA
"Bevölkerungsdichte","insgesamt",2016,"09","Neuhausen - Nymphenburg",7707,99538,12.9,NA,NA,NA,"Hauptwohnsitzbevölkerung (insgesamt)","Fläche in km²",NA,NA,NA
"Bevölkerungsdichte","insgesamt",2016,"10","Moosach",4855,53859,11.1,NA,NA,NA,"Hauptwohnsitzbevölkerung (insgesamt)","Fläche in km²",NA,NA,NA
"Bevölkerungsdichte","insgesamt",2016,"11","Milbertshofen - Am Hart",5684,76255,13.4,NA,NA,NA,"Hauptwohnsitzbevölkerung (insgesamt)","Fläche in km²",NA,NA,NA
"Bevölkerungsdichte","insgesamt",2016,"12","Schwabing - Freimann",3007,77188,25.7,NA,NA,NA,"Hauptwohnsitzbevölkerung (insgesamt)","Fläche in km²",NA,NA,NA
"Bevölkerungsdichte","insgesamt",2016,"13","Bogenhausen",3676,87164,23.7,NA,NA,NA,"Hauptwohnsitzbevölkerung (insgesamt)","Fläche in km²",NA,NA,NA
"Bevölkerungsdichte","insgesamt",2016,"14","Berg am Laim",7230,45655,6.3,NA,NA,NA,"Hauptwohnsitzbevölkerung (insgesamt)","Fläche in km²",NA,NA,NA
"Bevölkerungsdichte","insgesamt",2016,"15","Trudering - Riem",3182,71448,22.5,NA,NA,NA,"Hauptwohnsitzbevölkerung (insgesamt)","Fläche in km²",NA,NA,NA
"Bevölkerungsdichte","insgesamt",2016,"16","Ramersdorf - Perlach",5725,113898,19.9,NA,NA,NA,"Hauptwohnsitzbevölkerung (insgesamt)","Fläche in km²",NA,NA,NA
"Bevölkerungsdichte","insgesamt",2016,"17","Obergiesing - Fasangarten",9577,54784,5.7,NA,NA,NA,"Hauptwohnsitzbevölkerung (insgesamt)","Fläche in km²",NA,NA,NA
"Bevölkerungsdichte","insgesamt",2016,"18","Untergiesing - Harlaching",6709,54050,8.1,NA,NA,NA,"Hauptwohnsitzbevölkerung (insgesamt)","Fläche in km²",NA,NA,NA
"Bevölkerungsdichte","insgesamt",2016,"19","Thalkirchen - Obersendling - Forstenried - Fürstenried - Solln",5416,96200,17.8,NA,NA,NA,"Hauptwohnsitzbevölkerung (insgesamt)","Fläche in km²",NA,NA,NA
"Bevölkerungsdichte","insgesamt",2016,"20","Hadern",5482,50567,9.2,NA,NA,NA,"Hauptwohnsitzbevölkerung (insgesamt)","Fläche in km²",NA,NA,NA
"Bevölkerungsdichte","insgesamt",2016,"21","Pasing - Obermenzing",4512,74432,16.5,NA,NA,NA,"Hauptwohnsitzbevölkerung (insgesamt)","Fläche in km²",NA,NA,NA
"Bevölkerungsdichte","insgesamt",2016,"22","Aubing - Lochhausen - Langwied",1338,45571,34.1,NA,NA,NA,"Hauptwohnsitzbevölkerung (insgesamt)","Fläche in km²",NA,NA,NA
"Bevölkerungsdichte","insgesamt",2016,"23","Allach - Untermenzing",2087,32248,15.5,NA,NA,NA,"Hauptwohnsitzbevölkerung (insgesamt)","Fläche in km²",NA,NA,NA
"Bevölkerungsdichte","insgesamt",2016,"24","Feldmoching - Hasenbergl",2134,61764,28.9,NA,NA,NA,"Hauptwohnsitzbevölkerung (insgesamt)","Fläche in km²",NA,NA,NA
"Bevölkerungsdichte","insgesamt",2016,"25","Laim",10658,56335,5.3,NA,NA,NA,"Hauptwohnsitzbevölkerung (insgesamt)","Fläche in km²",NA,NA,NA
"Bevölkerungsdichte","insgesamt",2015,"00","Stadt München",4897,1521678,310.7,NA,NA,NA,"Hauptwohnsitzbevölkerung (insgesamt)","Fläche in km²",NA,NA,NA
"Bevölkerungsdichte","insgesamt",2015,"01","Altstadt - Lehel",6715,21122,3.1,NA,NA,NA,"Hauptwohnsitzbevölkerung (insgesamt)","Fläche in km²",NA,NA,NA
"Bevölkerungsdichte","insgesamt",2015,"02","Ludwigsvorstadt - Isarvorstadt",12280,54049,4.4,NA,NA,NA,"Hauptwohnsitzbevölkerung (insgesamt)","Fläche in km²",NA,NA,NA
"Bevölkerungsdichte","insgesamt",2015,"03","Maxvorstadt",12504,53743,4.3,NA,NA,NA,"Hauptwohnsitzbevölkerung (insgesamt)","Fläche in km²",NA,NA,NA
"Bevölkerungsdichte","insgesamt",2015,"04","Schwabing - West",15706,68527,4.4,NA,NA,NA,"Hauptwohnsitzbevölkerung (insgesamt)","Fläche in km²",NA,NA,NA
"Bevölkerungsdichte","insgesamt",2015,"05","Au - Haidhausen",14574,61495,4.2,NA,NA,NA,"Hauptwohnsitzbevölkerung (insgesamt)","Fläche in km²",NA,NA,NA
"Bevölkerungsdichte","insgesamt",2015,"06","Sendling",10379,40879,3.9,NA,NA,NA,"Hauptwohnsitzbevölkerung (insgesamt)","Fläche in km²",NA,NA,NA
"Bevölkerungsdichte","insgesamt",2015,"07","Sendling - Westpark",7473,58398,7.8,NA,NA,NA,"Hauptwohnsitzbevölkerung (insgesamt)","Fläche in km²",NA,NA,NA
"Bevölkerungsdichte","insgesamt",2015,"08","Schwanthalerhöhe",14675,30381,2.1,NA,NA,NA,"Hauptwohnsitzbevölkerung (insgesamt)","Fläche in km²",NA,NA,NA
"Bevölkerungsdichte","insgesamt",2015,"09","Neuhausen - Nymphenburg",7643,98702,12.9,NA,NA,NA,"Hauptwohnsitzbevölkerung (insgesamt)","Fläche in km²",NA,NA,NA
"Bevölkerungsdichte","insgesamt",2015,"10","Moosach",4801,53261,11.1,NA,NA,NA,"Hauptwohnsitzbevölkerung (insgesamt)","Fläche in km²",NA,NA,NA
"Bevölkerungsdichte","insgesamt",2015,"11","Milbertshofen - Am Hart",5627,75488,13.4,NA,NA,NA,"Hauptwohnsitzbevölkerung (insgesamt)","Fläche in km²",NA,NA,NA
"Bevölkerungsdichte","insgesamt",2015,"12","Schwabing - Freimann",2922,75020,25.7,NA,NA,NA,"Hauptwohnsitzbevölkerung (insgesamt)","Fläche in km²",NA,NA,NA
"Bevölkerungsdichte","insgesamt",2015,"13","Bogenhausen",3625,85947,23.7,NA,NA,NA,"Hauptwohnsitzbevölkerung (insgesamt)","Fläche in km²",NA,NA,NA
"Bevölkerungsdichte","insgesamt",2015,"14","Berg am Laim",7132,45035,6.3,NA,NA,NA,"Hauptwohnsitzbevölkerung (insgesamt)","Fläche in km²",NA,NA,NA
"Bevölkerungsdichte","insgesamt",2015,"15","Trudering - Riem",3110,69830,22.5,NA,NA,NA,"Hauptwohnsitzbevölkerung (insgesamt)","Fläche in km²",NA,NA,NA
"Bevölkerungsdichte","insgesamt",2015,"16","Ramersdorf - Perlach",5648,112371,19.9,NA,NA,NA,"Hauptwohnsitzbevölkerung (insgesamt)","Fläche in km²",NA,NA,NA
"Bevölkerungsdichte","insgesamt",2015,"17","Obergiesing - Fasangarten",9510,54402,5.7,NA,NA,NA,"Hauptwohnsitzbevölkerung (insgesamt)","Fläche in km²",NA,NA,NA
"Bevölkerungsdichte","insgesamt",2015,"18","Untergiesing - Harlaching",6625,53377,8.1,NA,NA,NA,"Hauptwohnsitzbevölkerung (insgesamt)","Fläche in km²",NA,NA,NA
"Bevölkerungsdichte","insgesamt",2015,"19","Thalkirchen - Obersendling - Forstenried - Fürstenried - Solln",5269,93602,17.8,NA,NA,NA,"Hauptwohnsitzbevölkerung (insgesamt)","Fläche in km²",NA,NA,NA
"Bevölkerungsdichte","insgesamt",2015,"20","Hadern",5449,50257,9.2,NA,NA,NA,"Hauptwohnsitzbevölkerung (insgesamt)","Fläche in km²",NA,NA,NA
"Bevölkerungsdichte","insgesamt",2015,"21","Pasing - Obermenzing",4444,73320,16.5,NA,NA,NA,"Hauptwohnsitzbevölkerung (insgesamt)","Fläche in km²",NA,NA,NA
"Bevölkerungsdichte","insgesamt",2015,"22","Aubing - Lochhausen - Langwied",1282,43682,34.1,NA,NA,NA,"Hauptwohnsitzbevölkerung (insgesamt)","Fläche in km²",NA,NA,NA
"Bevölkerungsdichte","insgesamt",2015,"23","Allach - Untermenzing",2063,31882,15.5,NA,NA,NA,"Hauptwohnsitzbevölkerung (insgesamt)","Fläche in km²",NA,NA,NA
"Bevölkerungsdichte","insgesamt",2015,"24","Feldmoching - Hasenbergl",2126,61534,28.9,NA,NA,NA,"Hauptwohnsitzbevölkerung (insgesamt)","Fläche in km²",NA,NA,NA
"Bevölkerungsdichte","insgesamt",2015,"25","Laim",10476,55374,5.3,NA,NA,NA,"Hauptwohnsitzbevölkerung (insgesamt)","Fläche in km²",NA,NA,NA
"Bevölkerungsdichte","insgesamt",2014,"00","Stadt München",4798,1490681,310.7,NA,NA,NA,"Hauptwohnsitzbevölkerung (insgesamt)","Fläche in km²",NA,NA,NA
"Bevölkerungsdichte","insgesamt",2014,"01","Altstadt - Lehel",6614,20806,3.1,NA,NA,NA,"Hauptwohnsitzbevölkerung (insgesamt)","Fläche in km²",NA,NA,NA
"Bevölkerungsdichte","insgesamt",2014,"02","Ludwigsvorstadt - Isarvorstadt",11855,52177,4.4,NA,NA,NA,"Hauptwohnsitzbevölkerung (insgesamt)","Fläche in km²",NA,NA,NA
"Bevölkerungsdichte","insgesamt",2014,"03","Maxvorstadt",12233,52575,4.3,NA,NA,NA,"Hauptwohnsitzbevölkerung (insgesamt)","Fläche in km²",NA,NA,NA
"Bevölkerungsdichte","insgesamt",2014,"04","Schwabing - West",15378,67094,4.4,NA,NA,NA,"Hauptwohnsitzbevölkerung (insgesamt)","Fläche in km²",NA,NA,NA
"Bevölkerungsdichte","insgesamt",2014,"05","Au - Haidhausen",14398,60756,4.2,NA,NA,NA,"Hauptwohnsitzbevölkerung (insgesamt)","Fläche in km²",NA,NA,NA
"Bevölkerungsdichte","insgesamt",2014,"06","Sendling",10263,40422,3.9,NA,NA,NA,"Hauptwohnsitzbevölkerung (insgesamt)","Fläche in km²",NA,NA,NA
"Bevölkerungsdichte","insgesamt",2014,"07","Sendling - Westpark",7228,56485,7.8,NA,NA,NA,"Hauptwohnsitzbevölkerung (insgesamt)","Fläche in km²",NA,NA,NA
"Bevölkerungsdichte","insgesamt",2014,"08","Schwanthalerhöhe",14531,30083,2.1,NA,NA,NA,"Hauptwohnsitzbevölkerung (insgesamt)","Fläche in km²",NA,NA,NA
"Bevölkerungsdichte","insgesamt",2014,"09","Neuhausen - Nymphenburg",7551,97521,12.9,NA,NA,NA,"Hauptwohnsitzbevölkerung (insgesamt)","Fläche in km²",NA,NA,NA
"Bevölkerungsdichte","insgesamt",2014,"10","Moosach",4747,52657,11.1,NA,NA,NA,"Hauptwohnsitzbevölkerung (insgesamt)","Fläche in km²",NA,NA,NA
"Bevölkerungsdichte","insgesamt",2014,"11","Milbertshofen - Am Hart",5565,74667,13.4,NA,NA,NA,"Hauptwohnsitzbevölkerung (insgesamt)","Fläche in km²",NA,NA,NA
"Bevölkerungsdichte","insgesamt",2014,"12","Schwabing - Freimann",2797,71802,25.7,NA,NA,NA,"Hauptwohnsitzbevölkerung (insgesamt)","Fläche in km²",NA,NA,NA
"Bevölkerungsdichte","insgesamt",2014,"13","Bogenhausen",3539,83900,23.7,NA,NA,NA,"Hauptwohnsitzbevölkerung (insgesamt)","Fläche in km²",NA,NA,NA
"Bevölkerungsdichte","insgesamt",2014,"14","Berg am Laim",6972,44022,6.3,NA,NA,NA,"Hauptwohnsitzbevölkerung (insgesamt)","Fläche in km²",NA,NA,NA
"Bevölkerungsdichte","insgesamt",2014,"15","Trudering - Riem",3032,68063,22.5,NA,NA,NA,"Hauptwohnsitzbevölkerung (insgesamt)","Fläche in km²",NA,NA,NA
"Bevölkerungsdichte","insgesamt",2014,"16","Ramersdorf - Perlach",5534,110099,19.9,NA,NA,NA,"Hauptwohnsitzbevölkerung (insgesamt)","Fläche in km²",NA,NA,NA
"Bevölkerungsdichte","insgesamt",2014,"17","Obergiesing - Fasangarten",9220,52743,5.7,NA,NA,NA,"Hauptwohnsitzbevölkerung (insgesamt)","Fläche in km²",NA,NA,NA
"Bevölkerungsdichte","insgesamt",2014,"18","Untergiesing - Harlaching",6510,52452,8.1,NA,NA,NA,"Hauptwohnsitzbevölkerung (insgesamt)","Fläche in km²",NA,NA,NA
"Bevölkerungsdichte","insgesamt",2014,"19","Thalkirchen - Obersendling - Forstenried - Fürstenried - Solln",5146,91412,17.8,NA,NA,NA,"Hauptwohnsitzbevölkerung (insgesamt)","Fläche in km²",NA,NA,NA
"Bevölkerungsdichte","insgesamt",2014,"20","Hadern",5407,49874,9.2,NA,NA,NA,"Hauptwohnsitzbevölkerung (insgesamt)","Fläche in km²",NA,NA,NA
"Bevölkerungsdichte","insgesamt",2014,"21","Pasing - Obermenzing",4357,71880,16.5,NA,NA,NA,"Hauptwohnsitzbevölkerung (insgesamt)","Fläche in km²",NA,NA,NA
"Bevölkerungsdichte","insgesamt",2014,"22","Aubing - Lochhausen - Langwied",1258,42859,34.1,NA,NA,NA,"Hauptwohnsitzbevölkerung (insgesamt)","Fläche in km²",NA,NA,NA
"Bevölkerungsdichte","insgesamt",2014,"23","Allach - Untermenzing",2029,31353,15.5,NA,NA,NA,"Hauptwohnsitzbevölkerung (insgesamt)","Fläche in km²",NA,NA,NA
"Bevölkerungsdichte","insgesamt",2014,"24","Feldmoching - Hasenbergl",2082,60262,28.9,NA,NA,NA,"Hauptwohnsitzbevölkerung (insgesamt)","Fläche in km²",NA,NA,NA
"Bevölkerungsdichte","insgesamt",2014,"25","Laim",10351,54714,5.3,NA,NA,NA,"Hauptwohnsitzbevölkerung (insgesamt)","Fläche in km²",NA,NA,NA
"Bevölkerungsdichte","insgesamt",2013,"00","Stadt München",4715,1464962,310.7,NA,NA,NA,"Hauptwohnsitzbevölkerung (insgesamt)","Fläche in km²",NA,NA,NA
"Bevölkerungsdichte","insgesamt",2013,"01","Altstadt - Lehel",6492,20422,3.1,NA,NA,NA,"Hauptwohnsitzbevölkerung (insgesamt)","Fläche in km²",NA,NA,NA
"Bevölkerungsdichte","insgesamt",2013,"02","Ludwigsvorstadt - Isarvorstadt",11501,50620,4.4,NA,NA,NA,"Hauptwohnsitzbevölkerung (insgesamt)","Fläche in km²",NA,NA,NA
"Bevölkerungsdichte","insgesamt",2013,"03","Maxvorstadt",12016,51642,4.3,NA,NA,NA,"Hauptwohnsitzbevölkerung (insgesamt)","Fläche in km²",NA,NA,NA
"Bevölkerungsdichte","insgesamt",2013,"04","Schwabing - West",15102,65892,4.4,NA,NA,NA,"Hauptwohnsitzbevölkerung (insgesamt)","Fläche in km²",NA,NA,NA
"Bevölkerungsdichte","insgesamt",2013,"05","Au - Haidhausen",14160,59752,4.2,NA,NA,NA,"Hauptwohnsitzbevölkerung (insgesamt)","Fläche in km²",NA,NA,NA
"Bevölkerungsdichte","insgesamt",2013,"06","Sendling",10144,39953,3.9,NA,NA,NA,"Hauptwohnsitzbevölkerung (insgesamt)","Fläche in km²",NA,NA,NA
"Bevölkerungsdichte","insgesamt",2013,"07","Sendling - Westpark",7090,55405,7.8,NA,NA,NA,"Hauptwohnsitzbevölkerung (insgesamt)","Fläche in km²",NA,NA,NA
"Bevölkerungsdichte","insgesamt",2013,"08","Schwanthalerhöhe",14328,29663,2.1,NA,NA,NA,"Hauptwohnsitzbevölkerung (insgesamt)","Fläche in km²",NA,NA,NA
"Bevölkerungsdichte","insgesamt",2013,"09","Neuhausen - Nymphenburg",7426,95906,12.9,NA,NA,NA,"Hauptwohnsitzbevölkerung (insgesamt)","Fläche in km²",NA,NA,NA
"Bevölkerungsdichte","insgesamt",2013,"10","Moosach",4646,51537,11.1,NA,NA,NA,"Hauptwohnsitzbevölkerung (insgesamt)","Fläche in km²",NA,NA,NA
"Bevölkerungsdichte","insgesamt",2013,"11","Milbertshofen - Am Hart",5487,73617,13.4,NA,NA,NA,"Hauptwohnsitzbevölkerung (insgesamt)","Fläche in km²",NA,NA,NA
"Bevölkerungsdichte","insgesamt",2013,"12","Schwabing - Freimann",2714,69676,25.7,NA,NA,NA,"Hauptwohnsitzbevölkerung (insgesamt)","Fläche in km²",NA,NA,NA
"Bevölkerungsdichte","insgesamt",2013,"13","Bogenhausen",3464,82138,23.7,NA,NA,NA,"Hauptwohnsitzbevölkerung (insgesamt)","Fläche in km²",NA,NA,NA
"Bevölkerungsdichte","insgesamt",2013,"14","Berg am Laim",6820,43068,6.3,NA,NA,NA,"Hauptwohnsitzbevölkerung (insgesamt)","Fläche in km²",NA,NA,NA
"Bevölkerungsdichte","insgesamt",2013,"15","Trudering - Riem",2985,67009,22.5,NA,NA,NA,"Hauptwohnsitzbevölkerung (insgesamt)","Fläche in km²",NA,NA,NA
"Bevölkerungsdichte","insgesamt",2013,"16","Ramersdorf - Perlach",5441,108244,19.9,NA,NA,NA,"Hauptwohnsitzbevölkerung (insgesamt)","Fläche in km²",NA,NA,NA
"Bevölkerungsdichte","insgesamt",2013,"17","Obergiesing - Fasangarten",9003,51499,5.7,NA,NA,NA,"Hauptwohnsitzbevölkerung (insgesamt)","Fläche in km²",NA,NA,NA
"Bevölkerungsdichte","insgesamt",2013,"18","Untergiesing - Harlaching",6446,51937,8.1,NA,NA,NA,"Hauptwohnsitzbevölkerung (insgesamt)","Fläche in km²",NA,NA,NA
"Bevölkerungsdichte","insgesamt",2013,"19","Thalkirchen - Obersendling - Forstenried - Fürstenried - Solln",5111,90790,17.8,NA,NA,NA,"Hauptwohnsitzbevölkerung (insgesamt)","Fläche in km²",NA,NA,NA
"Bevölkerungsdichte","insgesamt",2013,"20","Hadern",5306,48945,9.2,NA,NA,NA,"Hauptwohnsitzbevölkerung (insgesamt)","Fläche in km²",NA,NA,NA
"Bevölkerungsdichte","insgesamt",2013,"21","Pasing - Obermenzing",4290,70783,16.5,NA,NA,NA,"Hauptwohnsitzbevölkerung (insgesamt)","Fläche in km²",NA,NA,NA
"Bevölkerungsdichte","insgesamt",2013,"22","Aubing - Lochhausen - Langwied",1242,42305,34.1,NA,NA,NA,"Hauptwohnsitzbevölkerung (insgesamt)","Fläche in km²",NA,NA,NA
"Bevölkerungsdichte","insgesamt",2013,"23","Allach - Untermenzing",1989,30737,15.5,NA,NA,NA,"Hauptwohnsitzbevölkerung (insgesamt)","Fläche in km²",NA,NA,NA
"Bevölkerungsdichte","insgesamt",2013,"24","Feldmoching - Hasenbergl",2052,59391,28.9,NA,NA,NA,"Hauptwohnsitzbevölkerung (insgesamt)","Fläche in km²",NA,NA,NA
"Bevölkerungsdichte","insgesamt",2013,"25","Laim",10222,54030,5.3,NA,NA,NA,"Hauptwohnsitzbevölkerung (insgesamt)","Fläche in km²",NA,NA,NA
"Bevölkerungsdichte","insgesamt",2012,"00","Stadt München",4633,1439474,310.7,NA,NA,NA,"Hauptwohnsitzbevölkerung (insgesamt)","Fläche in km²",NA,NA,NA
"Bevölkerungsdichte","insgesamt",2012,"01","Altstadt - Lehel",6373,20048,3.1,NA,NA,NA,"Hauptwohnsitzbevölkerung (insgesamt)","Fläche in km²",NA,NA,NA
"Bevölkerungsdichte","insgesamt",2012,"02","Ludwigsvorstadt - Isarvorstadt",11282,49657,4.4,NA,NA,NA,"Hauptwohnsitzbevölkerung (insgesamt)","Fläche in km²",NA,NA,NA
"Bevölkerungsdichte","insgesamt",2012,"03","Maxvorstadt",11838,50877,4.3,NA,NA,NA,"Hauptwohnsitzbevölkerung (insgesamt)","Fläche in km²",NA,NA,NA
"Bevölkerungsdichte","insgesamt",2012,"04","Schwabing - West",14845,64768,4.4,NA,NA,NA,"Hauptwohnsitzbevölkerung (insgesamt)","Fläche in km²",NA,NA,NA
"Bevölkerungsdichte","insgesamt",2012,"05","Au - Haidhausen",13954,58881,4.2,NA,NA,NA,"Hauptwohnsitzbevölkerung (insgesamt)","Fläche in km²",NA,NA,NA
"Bevölkerungsdichte","insgesamt",2012,"06","Sendling",10046,39567,3.9,NA,NA,NA,"Hauptwohnsitzbevölkerung (insgesamt)","Fläche in km²",NA,NA,NA
"Bevölkerungsdichte","insgesamt",2012,"07","Sendling - Westpark",6981,54552,7.8,NA,NA,NA,"Hauptwohnsitzbevölkerung (insgesamt)","Fläche in km²",NA,NA,NA
"Bevölkerungsdichte","insgesamt",2012,"08","Schwanthalerhöhe",14202,29402,2.1,NA,NA,NA,"Hauptwohnsitzbevölkerung (insgesamt)","Fläche in km²",NA,NA,NA
"Bevölkerungsdichte","insgesamt",2012,"09","Neuhausen - Nymphenburg",7299,94257,12.9,NA,NA,NA,"Hauptwohnsitzbevölkerung (insgesamt)","Fläche in km²",NA,NA,NA
"Bevölkerungsdichte","insgesamt",2012,"10","Moosach",4530,50253,11.1,NA,NA,NA,"Hauptwohnsitzbevölkerung (insgesamt)","Fläche in km²",NA,NA,NA
"Bevölkerungsdichte","insgesamt",2012,"11","Milbertshofen - Am Hart",5404,72506,13.4,NA,NA,NA,"Hauptwohnsitzbevölkerung (insgesamt)","Fläche in km²",NA,NA,NA
"Bevölkerungsdichte","insgesamt",2012,"12","Schwabing - Freimann",2669,68530,25.7,NA,NA,NA,"Hauptwohnsitzbevölkerung (insgesamt)","Fläche in km²",NA,NA,NA
"Bevölkerungsdichte","insgesamt",2012,"13","Bogenhausen",3409,80816,23.7,NA,NA,NA,"Hauptwohnsitzbevölkerung (insgesamt)","Fläche in km²",NA,NA,NA
"Bevölkerungsdichte","insgesamt",2012,"14","Berg am Laim",6700,42310,6.3,NA,NA,NA,"Hauptwohnsitzbevölkerung (insgesamt)","Fläche in km²",NA,NA,NA
"Bevölkerungsdichte","insgesamt",2012,"15","Trudering - Riem",2934,65869,22.5,NA,NA,NA,"Hauptwohnsitzbevölkerung (insgesamt)","Fläche in km²",NA,NA,NA
"Bevölkerungsdichte","insgesamt",2012,"16","Ramersdorf - Perlach",5386,107164,19.9,NA,NA,NA,"Hauptwohnsitzbevölkerung (insgesamt)","Fläche in km²",NA,NA,NA
"Bevölkerungsdichte","insgesamt",2012,"17","Obergiesing - Fasangarten",8948,51183,5.7,NA,NA,NA,"Hauptwohnsitzbevölkerung (insgesamt)","Fläche in km²",NA,NA,NA
"Bevölkerungsdichte","insgesamt",2012,"18","Untergiesing - Harlaching",6353,51180,8.1,NA,NA,NA,"Hauptwohnsitzbevölkerung (insgesamt)","Fläche in km²",NA,NA,NA
"Bevölkerungsdichte","insgesamt",2012,"19","Thalkirchen - Obersendling - Forstenried - Fürstenried - Solln",4913,87271,17.8,NA,NA,NA,"Hauptwohnsitzbevölkerung (insgesamt)","Fläche in km²",NA,NA,NA
"Bevölkerungsdichte","insgesamt",2012,"20","Hadern",5198,47949,9.2,NA,NA,NA,"Hauptwohnsitzbevölkerung (insgesamt)","Fläche in km²",NA,NA,NA
"Bevölkerungsdichte","insgesamt",2012,"21","Pasing - Obermenzing",4200,69295,16.5,NA,NA,NA,"Hauptwohnsitzbevölkerung (insgesamt)","Fläche in km²",NA,NA,NA
"Bevölkerungsdichte","insgesamt",2012,"22","Aubing - Lochhausen - Langwied",1207,41116,34.1,NA,NA,NA,"Hauptwohnsitzbevölkerung (insgesamt)","Fläche in km²",NA,NA,NA
"Bevölkerungsdichte","insgesamt",2012,"23","Allach - Untermenzing",1967,30393,15.5,NA,NA,NA,"Hauptwohnsitzbevölkerung (insgesamt)","Fläche in km²",NA,NA,NA
"Bevölkerungsdichte","insgesamt",2012,"24","Feldmoching - Hasenbergl",2013,58245,28.9,NA,NA,NA,"Hauptwohnsitzbevölkerung (insgesamt)","Fläche in km²",NA,NA,NA
"Bevölkerungsdichte","insgesamt",2012,"25","Laim",10095,53359,5.3,NA,NA,NA,"Hauptwohnsitzbevölkerung (insgesamt)","Fläche in km²",NA,NA,NA
"Bevölkerungsdichte","insgesamt",2011,"00","Stadt München",4540,1410741,310.7,NA,NA,NA,"Hauptwohnsitzbevölkerung (insgesamt)","Fläche in km²",NA,NA,NA
"Bevölkerungsdichte","insgesamt",2011,"01","Altstadt - Lehel",6265,19707,3.1,NA,NA,NA,"Hauptwohnsitzbevölkerung (insgesamt)","Fläche in km²",NA,NA,NA
"Bevölkerungsdichte","insgesamt",2011,"02","Ludwigsvorstadt - Isarvorstadt",10958,48231,4.4,NA,NA,NA,"Hauptwohnsitzbevölkerung (insgesamt)","Fläche in km²",NA,NA,NA
"Bevölkerungsdichte","insgesamt",2011,"03","Maxvorstadt",11517,49498,4.3,NA,NA,NA,"Hauptwohnsitzbevölkerung (insgesamt)","Fläche in km²",NA,NA,NA
"Bevölkerungsdichte","insgesamt",2011,"04","Schwabing - West",14587,63644,4.4,NA,NA,NA,"Hauptwohnsitzbevölkerung (insgesamt)","Fläche in km²",NA,NA,NA
"Bevölkerungsdichte","insgesamt",2011,"05","Au - Haidhausen",13579,57297,4.2,NA,NA,NA,"Hauptwohnsitzbevölkerung (insgesamt)","Fläche in km²",NA,NA,NA
"Bevölkerungsdichte","insgesamt",2011,"06","Sendling",9902,39002,3.9,NA,NA,NA,"Hauptwohnsitzbevölkerung (insgesamt)","Fläche in km²",NA,NA,NA
"Bevölkerungsdichte","insgesamt",2011,"07","Sendling - Westpark",6817,53271,7.8,NA,NA,NA,"Hauptwohnsitzbevölkerung (insgesamt)","Fläche in km²",NA,NA,NA
"Bevölkerungsdichte","insgesamt",2011,"08","Schwanthalerhöhe",13853,28678,2.1,NA,NA,NA,"Hauptwohnsitzbevölkerung (insgesamt)","Fläche in km²",NA,NA,NA
"Bevölkerungsdichte","insgesamt",2011,"09","Neuhausen - Nymphenburg",7135,92139,12.9,NA,NA,NA,"Hauptwohnsitzbevölkerung (insgesamt)","Fläche in km²",NA,NA,NA
"Bevölkerungsdichte","insgesamt",2011,"10","Moosach",4452,49384,11.1,NA,NA,NA,"Hauptwohnsitzbevölkerung (insgesamt)","Fläche in km²",NA,NA,NA
"Bevölkerungsdichte","insgesamt",2011,"11","Milbertshofen - Am Hart",5253,70470,13.4,NA,NA,NA,"Hauptwohnsitzbevölkerung (insgesamt)","Fläche in km²",NA,NA,NA
"Bevölkerungsdichte","insgesamt",2011,"12","Schwabing - Freimann",2599,66706,25.7,NA,NA,NA,"Hauptwohnsitzbevölkerung (insgesamt)","Fläche in km²",NA,NA,NA
"Bevölkerungsdichte","insgesamt",2011,"13","Bogenhausen",3339,79175,23.7,NA,NA,NA,"Hauptwohnsitzbevölkerung (insgesamt)","Fläche in km²",NA,NA,NA
"Bevölkerungsdichte","insgesamt",2011,"14","Berg am Laim",6547,41342,6.3,NA,NA,NA,"Hauptwohnsitzbevölkerung (insgesamt)","Fläche in km²",NA,NA,NA
"Bevölkerungsdichte","insgesamt",2011,"15","Trudering - Riem",2895,64983,22.5,NA,NA,NA,"Hauptwohnsitzbevölkerung (insgesamt)","Fläche in km²",NA,NA,NA
"Bevölkerungsdichte","insgesamt",2011,"16","Ramersdorf - Perlach",5323,105900,19.9,NA,NA,NA,"Hauptwohnsitzbevölkerung (insgesamt)","Fläche in km²",NA,NA,NA
"Bevölkerungsdichte","insgesamt",2011,"17","Obergiesing - Fasangarten",8855,50656,5.7,NA,NA,NA,"Hauptwohnsitzbevölkerung (insgesamt)","Fläche in km²",NA,NA,NA
"Bevölkerungsdichte","insgesamt",2011,"18","Untergiesing - Harlaching",6263,50455,8.1,NA,NA,NA,"Hauptwohnsitzbevölkerung (insgesamt)","Fläche in km²",NA,NA,NA
"Bevölkerungsdichte","insgesamt",2011,"19","Thalkirchen - Obersendling - Forstenried - Fürstenried - Solln",4814,85468,17.8,NA,NA,NA,"Hauptwohnsitzbevölkerung (insgesamt)","Fläche in km²",NA,NA,NA
"Bevölkerungsdichte","insgesamt",2011,"20","Hadern",5145,47459,9.2,NA,NA,NA,"Hauptwohnsitzbevölkerung (insgesamt)","Fläche in km²",NA,NA,NA
"Bevölkerungsdichte","insgesamt",2011,"21","Pasing - Obermenzing",4114,67878,16.5,NA,NA,NA,"Hauptwohnsitzbevölkerung (insgesamt)","Fläche in km²",NA,NA,NA
"Bevölkerungsdichte","insgesamt",2011,"22","Aubing - Lochhausen - Langwied",1168,39789,34.1,NA,NA,NA,"Hauptwohnsitzbevölkerung (insgesamt)","Fläche in km²",NA,NA,NA
"Bevölkerungsdichte","insgesamt",2011,"23","Allach - Untermenzing",1922,29693,15.5,NA,NA,NA,"Hauptwohnsitzbevölkerung (insgesamt)","Fläche in km²",NA,NA,NA
"Bevölkerungsdichte","insgesamt",2011,"24","Feldmoching - Hasenbergl",1976,57183,28.9,NA,NA,NA,"Hauptwohnsitzbevölkerung (insgesamt)","Fläche in km²",NA,NA,NA
"Bevölkerungsdichte","insgesamt",2011,"25","Laim",9976,52733,5.3,NA,NA,NA,"Hauptwohnsitzbevölkerung (insgesamt)","Fläche in km²",NA,NA,NA
"Bevölkerungsdichte","insgesamt",2010,"00","Stadt München",4449,1382273,310.7,NA,NA,NA,"Hauptwohnsitzbevölkerung (insgesamt)","Fläche in km²",NA,NA,NA
"Bevölkerungsdichte","insgesamt",2010,"01","Altstadt - Lehel",6106,19207,3.1,NA,NA,NA,"Hauptwohnsitzbevölkerung (insgesamt)","Fläche in km²",NA,NA,NA
"Bevölkerungsdichte","insgesamt",2010,"02","Ludwigsvorstadt - Isarvorstadt",10759,47357,4.4,NA,NA,NA,"Hauptwohnsitzbevölkerung (insgesamt)","Fläche in km²",NA,NA,NA
"Bevölkerungsdichte","insgesamt",2010,"03","Maxvorstadt",11372,48875,4.3,NA,NA,NA,"Hauptwohnsitzbevölkerung (insgesamt)","Fläche in km²",NA,NA,NA
"Bevölkerungsdichte","insgesamt",2010,"04","Schwabing - West",14406,62856,4.4,NA,NA,NA,"Hauptwohnsitzbevölkerung (insgesamt)","Fläche in km²",NA,NA,NA
"Bevölkerungsdichte","insgesamt",2010,"05","Au - Haidhausen",13348,56322,4.2,NA,NA,NA,"Hauptwohnsitzbevölkerung (insgesamt)","Fläche in km²",NA,NA,NA
"Bevölkerungsdichte","insgesamt",2010,"06","Sendling",9792,38567,3.9,NA,NA,NA,"Hauptwohnsitzbevölkerung (insgesamt)","Fläche in km²",NA,NA,NA
"Bevölkerungsdichte","insgesamt",2010,"07","Sendling - Westpark",6718,52495,7.8,NA,NA,NA,"Hauptwohnsitzbevölkerung (insgesamt)","Fläche in km²",NA,NA,NA
"Bevölkerungsdichte","insgesamt",2010,"08","Schwanthalerhöhe",13527,28004,2.1,NA,NA,NA,"Hauptwohnsitzbevölkerung (insgesamt)","Fläche in km²",NA,NA,NA
"Bevölkerungsdichte","insgesamt",2010,"09","Neuhausen - Nymphenburg",6914,89286,12.9,NA,NA,NA,"Hauptwohnsitzbevölkerung (insgesamt)","Fläche in km²",NA,NA,NA
"Bevölkerungsdichte","insgesamt",2010,"10","Moosach",4365,48421,11.1,NA,NA,NA,"Hauptwohnsitzbevölkerung (insgesamt)","Fläche in km²",NA,NA,NA
"Bevölkerungsdichte","insgesamt",2010,"11","Milbertshofen - Am Hart",5141,68970,13.4,NA,NA,NA,"Hauptwohnsitzbevölkerung (insgesamt)","Fläche in km²",NA,NA,NA
"Bevölkerungsdichte","insgesamt",2010,"12","Schwabing - Freimann",2538,65158,25.7,NA,NA,NA,"Hauptwohnsitzbevölkerung (insgesamt)","Fläche in km²",NA,NA,NA
"Bevölkerungsdichte","insgesamt",2010,"13","Bogenhausen",3270,77542,23.7,NA,NA,NA,"Hauptwohnsitzbevölkerung (insgesamt)","Fläche in km²",NA,NA,NA
"Bevölkerungsdichte","insgesamt",2010,"14","Berg am Laim",6422,40550,6.3,NA,NA,NA,"Hauptwohnsitzbevölkerung (insgesamt)","Fläche in km²",NA,NA,NA
"Bevölkerungsdichte","insgesamt",2010,"15","Trudering - Riem",2795,62756,22.5,NA,NA,NA,"Hauptwohnsitzbevölkerung (insgesamt)","Fläche in km²",NA,NA,NA
"Bevölkerungsdichte","insgesamt",2010,"16","Ramersdorf - Perlach",5264,104737,19.9,NA,NA,NA,"Hauptwohnsitzbevölkerung (insgesamt)","Fläche in km²",NA,NA,NA
"Bevölkerungsdichte","insgesamt",2010,"17","Obergiesing - Fasangarten",8571,49030,5.7,NA,NA,NA,"Hauptwohnsitzbevölkerung (insgesamt)","Fläche in km²",NA,NA,NA
"Bevölkerungsdichte","insgesamt",2010,"18","Untergiesing - Harlaching",6144,49502,8.1,NA,NA,NA,"Hauptwohnsitzbevölkerung (insgesamt)","Fläche in km²",NA,NA,NA
"Bevölkerungsdichte","insgesamt",2010,"19","Thalkirchen - Obersendling - Forstenried - Fürstenried - Solln",4708,83584,17.8,NA,NA,NA,"Hauptwohnsitzbevölkerung (insgesamt)","Fläche in km²",NA,NA,NA
"Bevölkerungsdichte","insgesamt",2010,"20","Hadern",5079,46851,9.2,NA,NA,NA,"Hauptwohnsitzbevölkerung (insgesamt)","Fläche in km²",NA,NA,NA
"Bevölkerungsdichte","insgesamt",2010,"21","Pasing - Obermenzing",4015,66244,16.5,NA,NA,NA,"Hauptwohnsitzbevölkerung (insgesamt)","Fläche in km²",NA,NA,NA
"Bevölkerungsdichte","insgesamt",2010,"22","Aubing - Lochhausen - Langwied",1141,38863,34.1,NA,NA,NA,"Hauptwohnsitzbevölkerung (insgesamt)","Fläche in km²",NA,NA,NA
"Bevölkerungsdichte","insgesamt",2010,"23","Allach - Untermenzing",1887,29161,15.5,NA,NA,NA,"Hauptwohnsitzbevölkerung (insgesamt)","Fläche in km²",NA,NA,NA
"Bevölkerungsdichte","insgesamt",2010,"24","Feldmoching - Hasenbergl",1940,56130,28.9,NA,NA,NA,"Hauptwohnsitzbevölkerung (insgesamt)","Fläche in km²",NA,NA,NA
"Bevölkerungsdichte","insgesamt",2010,"25","Laim",9801,51805,5.3,NA,NA,NA,"Hauptwohnsitzbevölkerung (insgesamt)","Fläche in km²",NA,NA,NA
"Bevölkerungsdichte","insgesamt",2009,"00","Stadt München",4391,1364194,310.7,NA,NA,NA,"Hauptwohnsitzbevölkerung (insgesamt)","Fläche in km²",NA,NA,NA
"Bevölkerungsdichte","insgesamt",2009,"01","Altstadt - Lehel",6018,18932,3.1,NA,NA,NA,"Hauptwohnsitzbevölkerung (insgesamt)","Fläche in km²",NA,NA,NA
"Bevölkerungsdichte","insgesamt",2009,"02","Ludwigsvorstadt - Isarvorstadt",10552,46446,4.4,NA,NA,NA,"Hauptwohnsitzbevölkerung (insgesamt)","Fläche in km²",NA,NA,NA
"Bevölkerungsdichte","insgesamt",2009,"03","Maxvorstadt",11312,48619,4.3,NA,NA,NA,"Hauptwohnsitzbevölkerung (insgesamt)","Fläche in km²",NA,NA,NA
"Bevölkerungsdichte","insgesamt",2009,"04","Schwabing - West",14217,62028,4.4,NA,NA,NA,"Hauptwohnsitzbevölkerung (insgesamt)","Fläche in km²",NA,NA,NA
"Bevölkerungsdichte","insgesamt",2009,"05","Au - Haidhausen",13174,55590,4.2,NA,NA,NA,"Hauptwohnsitzbevölkerung (insgesamt)","Fläche in km²",NA,NA,NA
"Bevölkerungsdichte","insgesamt",2009,"06","Sendling",9676,38112,3.9,NA,NA,NA,"Hauptwohnsitzbevölkerung (insgesamt)","Fläche in km²",NA,NA,NA
"Bevölkerungsdichte","insgesamt",2009,"07","Sendling - Westpark",6678,52185,7.8,NA,NA,NA,"Hauptwohnsitzbevölkerung (insgesamt)","Fläche in km²",NA,NA,NA
"Bevölkerungsdichte","insgesamt",2009,"08","Schwanthalerhöhe",13435,27814,2.1,NA,NA,NA,"Hauptwohnsitzbevölkerung (insgesamt)","Fläche in km²",NA,NA,NA
"Bevölkerungsdichte","insgesamt",2009,"09","Neuhausen - Nymphenburg",6802,87846,12.9,NA,NA,NA,"Hauptwohnsitzbevölkerung (insgesamt)","Fläche in km²",NA,NA,NA
"Bevölkerungsdichte","insgesamt",2009,"10","Moosach",4389,48692,11.1,NA,NA,NA,"Hauptwohnsitzbevölkerung (insgesamt)","Fläche in km²",NA,NA,NA
"Bevölkerungsdichte","insgesamt",2009,"11","Milbertshofen - Am Hart",5070,68023,13.4,NA,NA,NA,"Hauptwohnsitzbevölkerung (insgesamt)","Fläche in km²",NA,NA,NA
"Bevölkerungsdichte","insgesamt",2009,"12","Schwabing - Freimann",2482,63720,25.7,NA,NA,NA,"Hauptwohnsitzbevölkerung (insgesamt)","Fläche in km²",NA,NA,NA
"Bevölkerungsdichte","insgesamt",2009,"13","Bogenhausen",3234,76684,23.7,NA,NA,NA,"Hauptwohnsitzbevölkerung (insgesamt)","Fläche in km²",NA,NA,NA
"Bevölkerungsdichte","insgesamt",2009,"14","Berg am Laim",6301,39787,6.3,NA,NA,NA,"Hauptwohnsitzbevölkerung (insgesamt)","Fläche in km²",NA,NA,NA
"Bevölkerungsdichte","insgesamt",2009,"15","Trudering - Riem",2712,60879,22.5,NA,NA,NA,"Hauptwohnsitzbevölkerung (insgesamt)","Fläche in km²",NA,NA,NA
"Bevölkerungsdichte","insgesamt",2009,"16","Ramersdorf - Perlach",5214,103732,19.9,NA,NA,NA,"Hauptwohnsitzbevölkerung (insgesamt)","Fläche in km²",NA,NA,NA
"Bevölkerungsdichte","insgesamt",2009,"17","Obergiesing - Fasangarten",8465,48425,5.7,NA,NA,NA,"Hauptwohnsitzbevölkerung (insgesamt)","Fläche in km²",NA,NA,NA
"Bevölkerungsdichte","insgesamt",2009,"18","Untergiesing - Harlaching",6071,48911,8.1,NA,NA,NA,"Hauptwohnsitzbevölkerung (insgesamt)","Fläche in km²",NA,NA,NA
"Bevölkerungsdichte","insgesamt",2009,"19","Thalkirchen - Obersendling - Forstenried - Fürstenried - Solln",4646,82482,17.8,NA,NA,NA,"Hauptwohnsitzbevölkerung (insgesamt)","Fläche in km²",NA,NA,NA
"Bevölkerungsdichte","insgesamt",2009,"20","Hadern",5040,46490,9.2,NA,NA,NA,"Hauptwohnsitzbevölkerung (insgesamt)","Fläche in km²",NA,NA,NA
"Bevölkerungsdichte","insgesamt",2009,"21","Pasing - Obermenzing",3957,65279,16.5,NA,NA,NA,"Hauptwohnsitzbevölkerung (insgesamt)","Fläche in km²",NA,NA,NA
"Bevölkerungsdichte","insgesamt",2009,"22","Aubing - Lochhausen - Langwied",1124,38268,34.1,NA,NA,NA,"Hauptwohnsitzbevölkerung (insgesamt)","Fläche in km²",NA,NA,NA
"Bevölkerungsdichte","insgesamt",2009,"23","Allach - Untermenzing",1859,28732,15.5,NA,NA,NA,"Hauptwohnsitzbevölkerung (insgesamt)","Fläche in km²",NA,NA,NA
"Bevölkerungsdichte","insgesamt",2009,"24","Feldmoching - Hasenbergl",1907,55180,28.9,NA,NA,NA,"Hauptwohnsitzbevölkerung (insgesamt)","Fläche in km²",NA,NA,NA
"Bevölkerungsdichte","insgesamt",2009,"25","Laim",9712,51338,5.3,NA,NA,NA,"Hauptwohnsitzbevölkerung (insgesamt)","Fläche in km²",NA,NA,NA
"Bevölkerungsdichte","insgesamt",2008,"00","Stadt München",4401,1367314,310.7,NA,NA,NA,"Hauptwohnsitzbevölkerung (insgesamt)","Fläche in km²",NA,NA,NA
"Bevölkerungsdichte","insgesamt",2008,"01","Altstadt - Lehel",6201,19505,3.1,NA,NA,NA,"Hauptwohnsitzbevölkerung (insgesamt)","Fläche in km²",NA,NA,NA
"Bevölkerungsdichte","insgesamt",2008,"02","Ludwigsvorstadt - Isarvorstadt",10814,47599,4.4,NA,NA,NA,"Hauptwohnsitzbevölkerung (insgesamt)","Fläche in km²",NA,NA,NA
"Bevölkerungsdichte","insgesamt",2008,"03","Maxvorstadt",11374,48884,4.3,NA,NA,NA,"Hauptwohnsitzbevölkerung (insgesamt)","Fläche in km²",NA,NA,NA
"Bevölkerungsdichte","insgesamt",2008,"04","Schwabing - West",14334,62541,4.4,NA,NA,NA,"Hauptwohnsitzbevölkerung (insgesamt)","Fläche in km²",NA,NA,NA
"Bevölkerungsdichte","insgesamt",2008,"05","Au - Haidhausen",13237,55853,4.2,NA,NA,NA,"Hauptwohnsitzbevölkerung (insgesamt)","Fläche in km²",NA,NA,NA
"Bevölkerungsdichte","insgesamt",2008,"06","Sendling",9733,38335,3.9,NA,NA,NA,"Hauptwohnsitzbevölkerung (insgesamt)","Fläche in km²",NA,NA,NA
"Bevölkerungsdichte","insgesamt",2008,"07","Sendling - Westpark",6687,52257,7.8,NA,NA,NA,"Hauptwohnsitzbevölkerung (insgesamt)","Fläche in km²",NA,NA,NA
"Bevölkerungsdichte","insgesamt",2008,"08","Schwanthalerhöhe",13418,27778,2.1,NA,NA,NA,"Hauptwohnsitzbevölkerung (insgesamt)","Fläche in km²",NA,NA,NA
"Bevölkerungsdichte","insgesamt",2008,"09","Neuhausen - Nymphenburg",6740,87043,12.9,NA,NA,NA,"Hauptwohnsitzbevölkerung (insgesamt)","Fläche in km²",NA,NA,NA
"Bevölkerungsdichte","insgesamt",2008,"10","Moosach",4367,48451,11.1,NA,NA,NA,"Hauptwohnsitzbevölkerung (insgesamt)","Fläche in km²",NA,NA,NA
"Bevölkerungsdichte","insgesamt",2008,"11","Milbertshofen - Am Hart",5083,68198,13.4,NA,NA,NA,"Hauptwohnsitzbevölkerung (insgesamt)","Fläche in km²",NA,NA,NA
"Bevölkerungsdichte","insgesamt",2008,"12","Schwabing - Freimann",2507,64350,25.7,NA,NA,NA,"Hauptwohnsitzbevölkerung (insgesamt)","Fläche in km²",NA,NA,NA
"Bevölkerungsdichte","insgesamt",2008,"13","Bogenhausen",3252,77112,23.7,NA,NA,NA,"Hauptwohnsitzbevölkerung (insgesamt)","Fläche in km²",NA,NA,NA
"Bevölkerungsdichte","insgesamt",2008,"14","Berg am Laim",6341,40038,6.3,NA,NA,NA,"Hauptwohnsitzbevölkerung (insgesamt)","Fläche in km²",NA,NA,NA
"Bevölkerungsdichte","insgesamt",2008,"15","Trudering - Riem",2629,59031,22.5,NA,NA,NA,"Hauptwohnsitzbevölkerung (insgesamt)","Fläche in km²",NA,NA,NA
"Bevölkerungsdichte","insgesamt",2008,"16","Ramersdorf - Perlach",5232,104089,19.9,NA,NA,NA,"Hauptwohnsitzbevölkerung (insgesamt)","Fläche in km²",NA,NA,NA
"Bevölkerungsdichte","insgesamt",2008,"17","Obergiesing - Fasangarten",8440,48282,5.7,NA,NA,NA,"Hauptwohnsitzbevölkerung (insgesamt)","Fläche in km²",NA,NA,NA
"Bevölkerungsdichte","insgesamt",2008,"18","Untergiesing - Harlaching",6131,49391,8.1,NA,NA,NA,"Hauptwohnsitzbevölkerung (insgesamt)","Fläche in km²",NA,NA,NA
"Bevölkerungsdichte","insgesamt",2008,"19","Thalkirchen - Obersendling - Forstenried - Fürstenried - Solln",4662,82771,17.8,NA,NA,NA,"Hauptwohnsitzbevölkerung (insgesamt)","Fläche in km²",NA,NA,NA
"Bevölkerungsdichte","insgesamt",2008,"20","Hadern",5029,46385,9.2,NA,NA,NA,"Hauptwohnsitzbevölkerung (insgesamt)","Fläche in km²",NA,NA,NA
"Bevölkerungsdichte","insgesamt",2008,"21","Pasing - Obermenzing",3957,65290,16.5,NA,NA,NA,"Hauptwohnsitzbevölkerung (insgesamt)","Fläche in km²",NA,NA,NA
"Bevölkerungsdichte","insgesamt",2008,"22","Aubing - Lochhausen - Langwied",1125,38327,34.1,NA,NA,NA,"Hauptwohnsitzbevölkerung (insgesamt)","Fläche in km²",NA,NA,NA
"Bevölkerungsdichte","insgesamt",2008,"23","Allach - Untermenzing",1864,28796,15.5,NA,NA,NA,"Hauptwohnsitzbevölkerung (insgesamt)","Fläche in km²",NA,NA,NA
"Bevölkerungsdichte","insgesamt",2008,"24","Feldmoching - Hasenbergl",1924,55667,28.9,NA,NA,NA,"Hauptwohnsitzbevölkerung (insgesamt)","Fläche in km²",NA,NA,NA
"Bevölkerungsdichte","insgesamt",2008,"25","Laim",9711,51329,5.3,NA,NA,NA,"Hauptwohnsitzbevölkerung (insgesamt)","Fläche in km²",NA,NA,NA
"Bevölkerungsdichte","insgesamt",2007,"00","Stadt München",4350,1351445,310.7,NA,NA,NA,"Hauptwohnsitzbevölkerung (insgesamt)","Fläche in km²",NA,NA,NA
"Bevölkerungsdichte","insgesamt",2007,"01","Altstadt - Lehel",6113,19228,3.1,NA,NA,NA,"Hauptwohnsitzbevölkerung (insgesamt)","Fläche in km²",NA,NA,NA
"Bevölkerungsdichte","insgesamt",2007,"02","Ludwigsvorstadt - Isarvorstadt",10569,46520,4.4,NA,NA,NA,"Hauptwohnsitzbevölkerung (insgesamt)","Fläche in km²",NA,NA,NA
"Bevölkerungsdichte","insgesamt",2007,"03","Maxvorstadt",11101,47711,4.3,NA,NA,NA,"Hauptwohnsitzbevölkerung (insgesamt)","Fläche in km²",NA,NA,NA
"Bevölkerungsdichte","insgesamt",2007,"04","Schwabing - West",14099,61514,4.4,NA,NA,NA,"Hauptwohnsitzbevölkerung (insgesamt)","Fläche in km²",NA,NA,NA
"Bevölkerungsdichte","insgesamt",2007,"05","Au - Haidhausen",13103,55288,4.2,NA,NA,NA,"Hauptwohnsitzbevölkerung (insgesamt)","Fläche in km²",NA,NA,NA
"Bevölkerungsdichte","insgesamt",2007,"06","Sendling",9632,37940,3.9,NA,NA,NA,"Hauptwohnsitzbevölkerung (insgesamt)","Fläche in km²",NA,NA,NA
"Bevölkerungsdichte","insgesamt",2007,"07","Sendling - Westpark",6622,51745,7.8,NA,NA,NA,"Hauptwohnsitzbevölkerung (insgesamt)","Fläche in km²",NA,NA,NA
"Bevölkerungsdichte","insgesamt",2007,"08","Schwanthalerhöhe",12982,26877,2.1,NA,NA,NA,"Hauptwohnsitzbevölkerung (insgesamt)","Fläche in km²",NA,NA,NA
"Bevölkerungsdichte","insgesamt",2007,"09","Neuhausen - Nymphenburg",6656,85964,12.9,NA,NA,NA,"Hauptwohnsitzbevölkerung (insgesamt)","Fläche in km²",NA,NA,NA
"Bevölkerungsdichte","insgesamt",2007,"10","Moosach",4354,48306,11.1,NA,NA,NA,"Hauptwohnsitzbevölkerung (insgesamt)","Fläche in km²",NA,NA,NA
"Bevölkerungsdichte","insgesamt",2007,"11","Milbertshofen - Am Hart",5058,67864,13.4,NA,NA,NA,"Hauptwohnsitzbevölkerung (insgesamt)","Fläche in km²",NA,NA,NA
"Bevölkerungsdichte","insgesamt",2007,"12","Schwabing - Freimann",2487,63832,25.7,NA,NA,NA,"Hauptwohnsitzbevölkerung (insgesamt)","Fläche in km²",NA,NA,NA
"Bevölkerungsdichte","insgesamt",2007,"13","Bogenhausen",3235,76709,23.7,NA,NA,NA,"Hauptwohnsitzbevölkerung (insgesamt)","Fläche in km²",NA,NA,NA
"Bevölkerungsdichte","insgesamt",2007,"14","Berg am Laim",6300,39783,6.3,NA,NA,NA,"Hauptwohnsitzbevölkerung (insgesamt)","Fläche in km²",NA,NA,NA
"Bevölkerungsdichte","insgesamt",2007,"15","Trudering - Riem",2516,56487,22.5,NA,NA,NA,"Hauptwohnsitzbevölkerung (insgesamt)","Fläche in km²",NA,NA,NA
"Bevölkerungsdichte","insgesamt",2007,"16","Ramersdorf - Perlach",5200,103447,19.9,NA,NA,NA,"Hauptwohnsitzbevölkerung (insgesamt)","Fläche in km²",NA,NA,NA
"Bevölkerungsdichte","insgesamt",2007,"17","Obergiesing - Fasangarten",8355,47791,5.7,NA,NA,NA,"Hauptwohnsitzbevölkerung (insgesamt)","Fläche in km²",NA,NA,NA
"Bevölkerungsdichte","insgesamt",2007,"18","Untergiesing - Harlaching",6081,48990,8.1,NA,NA,NA,"Hauptwohnsitzbevölkerung (insgesamt)","Fläche in km²",NA,NA,NA
"Bevölkerungsdichte","insgesamt",2007,"19","Thalkirchen - Obersendling - Forstenried - Fürstenried - Solln",4635,82283,17.8,NA,NA,NA,"Hauptwohnsitzbevölkerung (insgesamt)","Fläche in km²",NA,NA,NA
"Bevölkerungsdichte","insgesamt",2007,"20","Hadern",4993,46059,9.2,NA,NA,NA,"Hauptwohnsitzbevölkerung (insgesamt)","Fläche in km²",NA,NA,NA
"Bevölkerungsdichte","insgesamt",2007,"21","Pasing - Obermenzing",3926,64773,16.5,NA,NA,NA,"Hauptwohnsitzbevölkerung (insgesamt)","Fläche in km²",NA,NA,NA
"Bevölkerungsdichte","insgesamt",2007,"22","Aubing - Lochhausen - Langwied",1118,38091,34.1,NA,NA,NA,"Hauptwohnsitzbevölkerung (insgesamt)","Fläche in km²",NA,NA,NA
"Bevölkerungsdichte","insgesamt",2007,"23","Allach - Untermenzing",1823,28165,15.5,NA,NA,NA,"Hauptwohnsitzbevölkerung (insgesamt)","Fläche in km²",NA,NA,NA
"Bevölkerungsdichte","insgesamt",2007,"24","Feldmoching - Hasenbergl",1917,55475,28.9,NA,NA,NA,"Hauptwohnsitzbevölkerung (insgesamt)","Fläche in km²",NA,NA,NA
"Bevölkerungsdichte","insgesamt",2007,"25","Laim",9573,50600,5.3,NA,NA,NA,"Hauptwohnsitzbevölkerung (insgesamt)","Fläche in km²",NA,NA,NA
"Bevölkerungsdichte","insgesamt",2006,"00","Stadt München",4268,1326206,310.7,NA,NA,NA,"Hauptwohnsitzbevölkerung (insgesamt)","Fläche in km²",NA,NA,NA
"Bevölkerungsdichte","insgesamt",2006,"01","Altstadt - Lehel",6001,18876,3.1,NA,NA,NA,"Hauptwohnsitzbevölkerung (insgesamt)","Fläche in km²",NA,NA,NA
"Bevölkerungsdichte","insgesamt",2006,"02","Ludwigsvorstadt - Isarvorstadt",10391,45736,4.4,NA,NA,NA,"Hauptwohnsitzbevölkerung (insgesamt)","Fläche in km²",NA,NA,NA
"Bevölkerungsdichte","insgesamt",2006,"03","Maxvorstadt",10716,46058,4.3,NA,NA,NA,"Hauptwohnsitzbevölkerung (insgesamt)","Fläche in km²",NA,NA,NA
"Bevölkerungsdichte","insgesamt",2006,"04","Schwabing - West",13649,59553,4.4,NA,NA,NA,"Hauptwohnsitzbevölkerung (insgesamt)","Fläche in km²",NA,NA,NA
"Bevölkerungsdichte","insgesamt",2006,"05","Au - Haidhausen",12888,54382,4.2,NA,NA,NA,"Hauptwohnsitzbevölkerung (insgesamt)","Fläche in km²",NA,NA,NA
"Bevölkerungsdichte","insgesamt",2006,"06","Sendling",9431,37146,3.9,NA,NA,NA,"Hauptwohnsitzbevölkerung (insgesamt)","Fläche in km²",NA,NA,NA
"Bevölkerungsdichte","insgesamt",2006,"07","Sendling - Westpark",6514,50903,7.8,NA,NA,NA,"Hauptwohnsitzbevölkerung (insgesamt)","Fläche in km²",NA,NA,NA
"Bevölkerungsdichte","insgesamt",2006,"08","Schwanthalerhöhe",12609,26103,2.1,NA,NA,NA,"Hauptwohnsitzbevölkerung (insgesamt)","Fläche in km²",NA,NA,NA
"Bevölkerungsdichte","insgesamt",2006,"09","Neuhausen - Nymphenburg",6551,84604,12.9,NA,NA,NA,"Hauptwohnsitzbevölkerung (insgesamt)","Fläche in km²",NA,NA,NA
"Bevölkerungsdichte","insgesamt",2006,"10","Moosach",4305,47754,11.1,NA,NA,NA,"Hauptwohnsitzbevölkerung (insgesamt)","Fläche in km²",NA,NA,NA
"Bevölkerungsdichte","insgesamt",2006,"11","Milbertshofen - Am Hart",4993,66992,13.4,NA,NA,NA,"Hauptwohnsitzbevölkerung (insgesamt)","Fläche in km²",NA,NA,NA
"Bevölkerungsdichte","insgesamt",2006,"12","Schwabing - Freimann",2432,62430,25.7,NA,NA,NA,"Hauptwohnsitzbevölkerung (insgesamt)","Fläche in km²",NA,NA,NA
"Bevölkerungsdichte","insgesamt",2006,"13","Bogenhausen",3191,75657,23.7,NA,NA,NA,"Hauptwohnsitzbevölkerung (insgesamt)","Fläche in km²",NA,NA,NA
"Bevölkerungsdichte","insgesamt",2006,"14","Berg am Laim",6175,38995,6.3,NA,NA,NA,"Hauptwohnsitzbevölkerung (insgesamt)","Fläche in km²",NA,NA,NA
"Bevölkerungsdichte","insgesamt",2006,"15","Trudering - Riem",2402,53915,22.5,NA,NA,NA,"Hauptwohnsitzbevölkerung (insgesamt)","Fläche in km²",NA,NA,NA
"Bevölkerungsdichte","insgesamt",2006,"16","Ramersdorf - Perlach",5162,102689,19.9,NA,NA,NA,"Hauptwohnsitzbevölkerung (insgesamt)","Fläche in km²",NA,NA,NA
"Bevölkerungsdichte","insgesamt",2006,"17","Obergiesing - Fasangarten",8218,47007,5.7,NA,NA,NA,"Hauptwohnsitzbevölkerung (insgesamt)","Fläche in km²",NA,NA,NA
"Bevölkerungsdichte","insgesamt",2006,"18","Untergiesing - Harlaching",5967,48075,8.1,NA,NA,NA,"Hauptwohnsitzbevölkerung (insgesamt)","Fläche in km²",NA,NA,NA
"Bevölkerungsdichte","insgesamt",2006,"19","Thalkirchen - Obersendling - Forstenried - Fürstenried - Solln",4545,80701,17.8,NA,NA,NA,"Hauptwohnsitzbevölkerung (insgesamt)","Fläche in km²",NA,NA,NA
"Bevölkerungsdichte","insgesamt",2006,"20","Hadern",4878,44993,9.2,NA,NA,NA,"Hauptwohnsitzbevölkerung (insgesamt)","Fläche in km²",NA,NA,NA
"Bevölkerungsdichte","insgesamt",2006,"21","Pasing - Obermenzing",3865,63763,16.5,NA,NA,NA,"Hauptwohnsitzbevölkerung (insgesamt)","Fläche in km²",NA,NA,NA
"Bevölkerungsdichte","insgesamt",2006,"22","Aubing - Lochhausen - Langwied",1111,37857,34.1,NA,NA,NA,"Hauptwohnsitzbevölkerung (insgesamt)","Fläche in km²",NA,NA,NA
"Bevölkerungsdichte","insgesamt",2006,"23","Allach - Untermenzing",1795,27730,15.5,NA,NA,NA,"Hauptwohnsitzbevölkerung (insgesamt)","Fläche in km²",NA,NA,NA
"Bevölkerungsdichte","insgesamt",2006,"24","Feldmoching - Hasenbergl",1875,54245,28.9,NA,NA,NA,"Hauptwohnsitzbevölkerung (insgesamt)","Fläche in km²",NA,NA,NA
"Bevölkerungsdichte","insgesamt",2006,"25","Laim",9465,50028,5.3,NA,NA,NA,"Hauptwohnsitzbevölkerung (insgesamt)","Fläche in km²",NA,NA,NA
"Bevölkerungsdichte","insgesamt",2005,"00","Stadt München",4146,1288307,310.7,NA,NA,NA,"Hauptwohnsitzbevölkerung (insgesamt)","Fläche in km²",NA,NA,NA
"Bevölkerungsdichte","insgesamt",2005,"01","Altstadt - Lehel",5923,18631,3.1,NA,NA,NA,"Hauptwohnsitzbevölkerung (insgesamt)","Fläche in km²",NA,NA,NA
"Bevölkerungsdichte","insgesamt",2005,"02","Ludwigsvorstadt - Isarvorstadt",9984,43945,4.4,NA,NA,NA,"Hauptwohnsitzbevölkerung (insgesamt)","Fläche in km²",NA,NA,NA
"Bevölkerungsdichte","insgesamt",2005,"03","Maxvorstadt",9819,42201,4.3,NA,NA,NA,"Hauptwohnsitzbevölkerung (insgesamt)","Fläche in km²",NA,NA,NA
"Bevölkerungsdichte","insgesamt",2005,"04","Schwabing - West",12843,56033,4.4,NA,NA,NA,"Hauptwohnsitzbevölkerung (insgesamt)","Fläche in km²",NA,NA,NA
"Bevölkerungsdichte","insgesamt",2005,"05","Au - Haidhausen",12442,52502,4.2,NA,NA,NA,"Hauptwohnsitzbevölkerung (insgesamt)","Fläche in km²",NA,NA,NA
"Bevölkerungsdichte","insgesamt",2005,"06","Sendling",9131,35966,3.9,NA,NA,NA,"Hauptwohnsitzbevölkerung (insgesamt)","Fläche in km²",NA,NA,NA
"Bevölkerungsdichte","insgesamt",2005,"07","Sendling - Westpark",6331,49472,7.8,NA,NA,NA,"Hauptwohnsitzbevölkerung (insgesamt)","Fläche in km²",NA,NA,NA
"Bevölkerungsdichte","insgesamt",2005,"08","Schwanthalerhöhe",12321,25507,2.1,NA,NA,NA,"Hauptwohnsitzbevölkerung (insgesamt)","Fläche in km²",NA,NA,NA
"Bevölkerungsdichte","insgesamt",2005,"09","Neuhausen - Nymphenburg",6362,82156,12.9,NA,NA,NA,"Hauptwohnsitzbevölkerung (insgesamt)","Fläche in km²",NA,NA,NA
"Bevölkerungsdichte","insgesamt",2005,"10","Moosach",4255,47198,11.1,NA,NA,NA,"Hauptwohnsitzbevölkerung (insgesamt)","Fläche in km²",NA,NA,NA
"Bevölkerungsdichte","insgesamt",2005,"11","Milbertshofen - Am Hart",4816,64612,13.4,NA,NA,NA,"Hauptwohnsitzbevölkerung (insgesamt)","Fläche in km²",NA,NA,NA
"Bevölkerungsdichte","insgesamt",2005,"12","Schwabing - Freimann",2328,59767,25.7,NA,NA,NA,"Hauptwohnsitzbevölkerung (insgesamt)","Fläche in km²",NA,NA,NA
"Bevölkerungsdichte","insgesamt",2005,"13","Bogenhausen",3115,73860,23.7,NA,NA,NA,"Hauptwohnsitzbevölkerung (insgesamt)","Fläche in km²",NA,NA,NA
"Bevölkerungsdichte","insgesamt",2005,"14","Berg am Laim",6070,38327,6.3,NA,NA,NA,"Hauptwohnsitzbevölkerung (insgesamt)","Fläche in km²",NA,NA,NA
"Bevölkerungsdichte","insgesamt",2005,"15","Trudering - Riem",2271,50990,22.5,NA,NA,NA,"Hauptwohnsitzbevölkerung (insgesamt)","Fläche in km²",NA,NA,NA
"Bevölkerungsdichte","insgesamt",2005,"16","Ramersdorf - Perlach",5118,101820,19.9,NA,NA,NA,"Hauptwohnsitzbevölkerung (insgesamt)","Fläche in km²",NA,NA,NA
"Bevölkerungsdichte","insgesamt",2005,"17","Obergiesing - Fasangarten",7890,45132,5.7,NA,NA,NA,"Hauptwohnsitzbevölkerung (insgesamt)","Fläche in km²",NA,NA,NA
"Bevölkerungsdichte","insgesamt",2005,"18","Untergiesing - Harlaching",5816,46857,8.1,NA,NA,NA,"Hauptwohnsitzbevölkerung (insgesamt)","Fläche in km²",NA,NA,NA
"Bevölkerungsdichte","insgesamt",2005,"19","Thalkirchen - Obersendling - Forstenried - Fürstenried - Solln",4458,79148,17.8,NA,NA,NA,"Hauptwohnsitzbevölkerung (insgesamt)","Fläche in km²",NA,NA,NA
"Bevölkerungsdichte","insgesamt",2005,"20","Hadern",4768,43981,9.2,NA,NA,NA,"Hauptwohnsitzbevölkerung (insgesamt)","Fläche in km²",NA,NA,NA
"Bevölkerungsdichte","insgesamt",2005,"21","Pasing - Obermenzing",3802,62724,16.5,NA,NA,NA,"Hauptwohnsitzbevölkerung (insgesamt)","Fläche in km²",NA,NA,NA
"Bevölkerungsdichte","insgesamt",2005,"22","Aubing - Lochhausen - Langwied",1103,37560,34.1,NA,NA,NA,"Hauptwohnsitzbevölkerung (insgesamt)","Fläche in km²",NA,NA,NA
"Bevölkerungsdichte","insgesamt",2005,"23","Allach - Untermenzing",1785,27586,15.5,NA,NA,NA,"Hauptwohnsitzbevölkerung (insgesamt)","Fläche in km²",NA,NA,NA
"Bevölkerungsdichte","insgesamt",2005,"24","Feldmoching - Hasenbergl",1845,53389,28.9,NA,NA,NA,"Hauptwohnsitzbevölkerung (insgesamt)","Fläche in km²",NA,NA,NA
"Bevölkerungsdichte","insgesamt",2005,"25","Laim",9256,48927,5.3,NA,NA,NA,"Hauptwohnsitzbevölkerung (insgesamt)","Fläche in km²",NA,NA,NA
"Bevölkerungsdichte","insgesamt",2004,"00","Stadt München",4098,1273186,310.7,NA,NA,NA,"Hauptwohnsitzbevölkerung (insgesamt)","Fläche in km²",NA,NA,NA
"Bevölkerungsdichte","insgesamt",2004,"01","Altstadt - Lehel",5789,18210,3.1,NA,NA,NA,"Hauptwohnsitzbevölkerung (insgesamt)","Fläche in km²",NA,NA,NA
"Bevölkerungsdichte","insgesamt",2004,"02","Ludwigsvorstadt - Isarvorstadt",9876,43469,4.4,NA,NA,NA,"Hauptwohnsitzbevölkerung (insgesamt)","Fläche in km²",NA,NA,NA
"Bevölkerungsdichte","insgesamt",2004,"03","Maxvorstadt",9675,41581,4.3,NA,NA,NA,"Hauptwohnsitzbevölkerung (insgesamt)","Fläche in km²",NA,NA,NA
"Bevölkerungsdichte","insgesamt",2004,"04","Schwabing - West",12659,55231,4.4,NA,NA,NA,"Hauptwohnsitzbevölkerung (insgesamt)","Fläche in km²",NA,NA,NA
"Bevölkerungsdichte","insgesamt",2004,"05","Au - Haidhausen",12177,51383,4.2,NA,NA,NA,"Hauptwohnsitzbevölkerung (insgesamt)","Fläche in km²",NA,NA,NA
"Bevölkerungsdichte","insgesamt",2004,"06","Sendling",9061,35691,3.9,NA,NA,NA,"Hauptwohnsitzbevölkerung (insgesamt)","Fläche in km²",NA,NA,NA
"Bevölkerungsdichte","insgesamt",2004,"07","Sendling - Westpark",6228,48669,7.8,NA,NA,NA,"Hauptwohnsitzbevölkerung (insgesamt)","Fläche in km²",NA,NA,NA
"Bevölkerungsdichte","insgesamt",2004,"08","Schwanthalerhöhe",12254,25369,2.1,NA,NA,NA,"Hauptwohnsitzbevölkerung (insgesamt)","Fläche in km²",NA,NA,NA
"Bevölkerungsdichte","insgesamt",2004,"09","Neuhausen - Nymphenburg",6343,81921,12.9,NA,NA,NA,"Hauptwohnsitzbevölkerung (insgesamt)","Fläche in km²",NA,NA,NA
"Bevölkerungsdichte","insgesamt",2004,"10","Moosach",4224,46856,11.1,NA,NA,NA,"Hauptwohnsitzbevölkerung (insgesamt)","Fläche in km²",NA,NA,NA
"Bevölkerungsdichte","insgesamt",2004,"11","Milbertshofen - Am Hart",4701,63076,13.4,NA,NA,NA,"Hauptwohnsitzbevölkerung (insgesamt)","Fläche in km²",NA,NA,NA
"Bevölkerungsdichte","insgesamt",2004,"12","Schwabing - Freimann",2322,59602,25.7,NA,NA,NA,"Hauptwohnsitzbevölkerung (insgesamt)","Fläche in km²",NA,NA,NA
"Bevölkerungsdichte","insgesamt",2004,"13","Bogenhausen",3078,72982,23.7,NA,NA,NA,"Hauptwohnsitzbevölkerung (insgesamt)","Fläche in km²",NA,NA,NA
"Bevölkerungsdichte","insgesamt",2004,"14","Berg am Laim",6038,38127,6.3,NA,NA,NA,"Hauptwohnsitzbevölkerung (insgesamt)","Fläche in km²",NA,NA,NA
"Bevölkerungsdichte","insgesamt",2004,"15","Trudering - Riem",2179,48914,22.5,NA,NA,NA,"Hauptwohnsitzbevölkerung (insgesamt)","Fläche in km²",NA,NA,NA
"Bevölkerungsdichte","insgesamt",2004,"16","Ramersdorf - Perlach",5069,100844,19.9,NA,NA,NA,"Hauptwohnsitzbevölkerung (insgesamt)","Fläche in km²",NA,NA,NA
"Bevölkerungsdichte","insgesamt",2004,"17","Obergiesing - Fasangarten",7775,44473,5.7,NA,NA,NA,"Hauptwohnsitzbevölkerung (insgesamt)","Fläche in km²",NA,NA,NA
"Bevölkerungsdichte","insgesamt",2004,"18","Untergiesing - Harlaching",5767,46462,8.1,NA,NA,NA,"Hauptwohnsitzbevölkerung (insgesamt)","Fläche in km²",NA,NA,NA
"Bevölkerungsdichte","insgesamt",2004,"19","Thalkirchen - Obersendling - Forstenried - Fürstenried - Solln",4397,78057,17.8,NA,NA,NA,"Hauptwohnsitzbevölkerung (insgesamt)","Fläche in km²",NA,NA,NA
"Bevölkerungsdichte","insgesamt",2004,"20","Hadern",4705,43396,9.2,NA,NA,NA,"Hauptwohnsitzbevölkerung (insgesamt)","Fläche in km²",NA,NA,NA
"Bevölkerungsdichte","insgesamt",2004,"21","Pasing - Obermenzing",3763,62081,16.5,NA,NA,NA,"Hauptwohnsitzbevölkerung (insgesamt)","Fläche in km²",NA,NA,NA
"Bevölkerungsdichte","insgesamt",2004,"22","Aubing - Lochhausen - Langwied",1104,37595,34.1,NA,NA,NA,"Hauptwohnsitzbevölkerung (insgesamt)","Fläche in km²",NA,NA,NA
"Bevölkerungsdichte","insgesamt",2004,"23","Allach - Untermenzing",1772,27374,15.5,NA,NA,NA,"Hauptwohnsitzbevölkerung (insgesamt)","Fläche in km²",NA,NA,NA
"Bevölkerungsdichte","insgesamt",2004,"24","Feldmoching - Hasenbergl",1830,52958,28.9,NA,NA,NA,"Hauptwohnsitzbevölkerung (insgesamt)","Fläche in km²",NA,NA,NA
"Bevölkerungsdichte","insgesamt",2004,"25","Laim",9240,48841,5.3,NA,NA,NA,"Hauptwohnsitzbevölkerung (insgesamt)","Fläche in km²",NA,NA,NA
"Bevölkerungsdichte","insgesamt",2003,"00","Stadt München",4080,1267813,310.7,NA,NA,NA,"Hauptwohnsitzbevölkerung (insgesamt)","Fläche in km²",NA,NA,NA
"Bevölkerungsdichte","insgesamt",2003,"01","Altstadt - Lehel",5773,18159,3.1,NA,NA,NA,"Hauptwohnsitzbevölkerung (insgesamt)","Fläche in km²",NA,NA,NA
"Bevölkerungsdichte","insgesamt",2003,"02","Ludwigsvorstadt - Isarvorstadt",9914,43637,4.4,NA,NA,NA,"Hauptwohnsitzbevölkerung (insgesamt)","Fläche in km²",NA,NA,NA
"Bevölkerungsdichte","insgesamt",2003,"03","Maxvorstadt",9656,41502,4.3,NA,NA,NA,"Hauptwohnsitzbevölkerung (insgesamt)","Fläche in km²",NA,NA,NA
"Bevölkerungsdichte","insgesamt",2003,"04","Schwabing - West",12457,54351,4.4,NA,NA,NA,"Hauptwohnsitzbevölkerung (insgesamt)","Fläche in km²",NA,NA,NA
"Bevölkerungsdichte","insgesamt",2003,"05","Au - Haidhausen",12237,51636,4.2,NA,NA,NA,"Hauptwohnsitzbevölkerung (insgesamt)","Fläche in km²",NA,NA,NA
"Bevölkerungsdichte","insgesamt",2003,"06","Sendling",8915,35113,3.9,NA,NA,NA,"Hauptwohnsitzbevölkerung (insgesamt)","Fläche in km²",NA,NA,NA
"Bevölkerungsdichte","insgesamt",2003,"07","Sendling - Westpark",6215,48564,7.8,NA,NA,NA,"Hauptwohnsitzbevölkerung (insgesamt)","Fläche in km²",NA,NA,NA
"Bevölkerungsdichte","insgesamt",2003,"08","Schwanthalerhöhe",12234,25328,2.1,NA,NA,NA,"Hauptwohnsitzbevölkerung (insgesamt)","Fläche in km²",NA,NA,NA
"Bevölkerungsdichte","insgesamt",2003,"09","Neuhausen - Nymphenburg",6323,81661,12.9,NA,NA,NA,"Hauptwohnsitzbevölkerung (insgesamt)","Fläche in km²",NA,NA,NA
"Bevölkerungsdichte","insgesamt",2003,"10","Moosach",4196,46546,11.1,NA,NA,NA,"Hauptwohnsitzbevölkerung (insgesamt)","Fläche in km²",NA,NA,NA
"Bevölkerungsdichte","insgesamt",2003,"11","Milbertshofen - Am Hart",4613,61886,13.4,NA,NA,NA,"Hauptwohnsitzbevölkerung (insgesamt)","Fläche in km²",NA,NA,NA
"Bevölkerungsdichte","insgesamt",2003,"12","Schwabing - Freimann",2346,60215,25.7,NA,NA,NA,"Hauptwohnsitzbevölkerung (insgesamt)","Fläche in km²",NA,NA,NA
"Bevölkerungsdichte","insgesamt",2003,"13","Bogenhausen",3082,73070,23.7,NA,NA,NA,"Hauptwohnsitzbevölkerung (insgesamt)","Fläche in km²",NA,NA,NA
"Bevölkerungsdichte","insgesamt",2003,"14","Berg am Laim",5956,37607,6.3,NA,NA,NA,"Hauptwohnsitzbevölkerung (insgesamt)","Fläche in km²",NA,NA,NA
"Bevölkerungsdichte","insgesamt",2003,"15","Trudering - Riem",2134,47919,22.5,NA,NA,NA,"Hauptwohnsitzbevölkerung (insgesamt)","Fläche in km²",NA,NA,NA
"Bevölkerungsdichte","insgesamt",2003,"16","Ramersdorf - Perlach",5063,100724,19.9,NA,NA,NA,"Hauptwohnsitzbevölkerung (insgesamt)","Fläche in km²",NA,NA,NA
"Bevölkerungsdichte","insgesamt",2003,"17","Obergiesing - Fasangarten",7825,44761,5.7,NA,NA,NA,"Hauptwohnsitzbevölkerung (insgesamt)","Fläche in km²",NA,NA,NA
"Bevölkerungsdichte","insgesamt",2003,"18","Untergiesing - Harlaching",5797,46707,8.1,NA,NA,NA,"Hauptwohnsitzbevölkerung (insgesamt)","Fläche in km²",NA,NA,NA
"Bevölkerungsdichte","insgesamt",2003,"19","Thalkirchen - Obersendling - Forstenried - Fürstenried - Solln",4385,77850,17.8,NA,NA,NA,"Hauptwohnsitzbevölkerung (insgesamt)","Fläche in km²",NA,NA,NA
"Bevölkerungsdichte","insgesamt",2003,"20","Hadern",4643,42823,9.2,NA,NA,NA,"Hauptwohnsitzbevölkerung (insgesamt)","Fläche in km²",NA,NA,NA
"Bevölkerungsdichte","insgesamt",2003,"21","Pasing - Obermenzing",3728,61509,16.5,NA,NA,NA,"Hauptwohnsitzbevölkerung (insgesamt)","Fläche in km²",NA,NA,NA
"Bevölkerungsdichte","insgesamt",2003,"22","Aubing - Lochhausen - Langwied",1103,37566,34.1,NA,NA,NA,"Hauptwohnsitzbevölkerung (insgesamt)","Fläche in km²",NA,NA,NA
"Bevölkerungsdichte","insgesamt",2003,"23","Allach - Untermenzing",1746,26977,15.5,NA,NA,NA,"Hauptwohnsitzbevölkerung (insgesamt)","Fläche in km²",NA,NA,NA
"Bevölkerungsdichte","insgesamt",2003,"24","Feldmoching - Hasenbergl",1830,52961,28.9,NA,NA,NA,"Hauptwohnsitzbevölkerung (insgesamt)","Fläche in km²",NA,NA,NA
"Bevölkerungsdichte","insgesamt",2003,"25","Laim",9215,48708,5.3,NA,NA,NA,"Hauptwohnsitzbevölkerung (insgesamt)","Fläche in km²",NA,NA,NA
"Bevölkerungsdichte","insgesamt",2002,"00","Stadt München",4069,1264309,310.7,NA,NA,NA,"Hauptwohnsitzbevölkerung (insgesamt)","Fläche in km²",NA,NA,NA
"Bevölkerungsdichte","insgesamt",2002,"01","Altstadt - Lehel",5784,18193,3.1,NA,NA,NA,"Hauptwohnsitzbevölkerung (insgesamt)","Fläche in km²",NA,NA,NA
"Bevölkerungsdichte","insgesamt",2002,"02","Ludwigsvorstadt - Isarvorstadt",10010,44059,4.4,NA,NA,NA,"Hauptwohnsitzbevölkerung (insgesamt)","Fläche in km²",NA,NA,NA
"Bevölkerungsdichte","insgesamt",2002,"03","Maxvorstadt",9681,41606,4.3,NA,NA,NA,"Hauptwohnsitzbevölkerung (insgesamt)","Fläche in km²",NA,NA,NA
"Bevölkerungsdichte","insgesamt",2002,"04","Schwabing - West",12439,54272,4.4,NA,NA,NA,"Hauptwohnsitzbevölkerung (insgesamt)","Fläche in km²",NA,NA,NA
"Bevölkerungsdichte","insgesamt",2002,"05","Au - Haidhausen",12323,52000,4.2,NA,NA,NA,"Hauptwohnsitzbevölkerung (insgesamt)","Fläche in km²",NA,NA,NA
"Bevölkerungsdichte","insgesamt",2002,"06","Sendling",8912,35102,3.9,NA,NA,NA,"Hauptwohnsitzbevölkerung (insgesamt)","Fläche in km²",NA,NA,NA
"Bevölkerungsdichte","insgesamt",2002,"07","Sendling - Westpark",6200,48448,7.8,NA,NA,NA,"Hauptwohnsitzbevölkerung (insgesamt)","Fläche in km²",NA,NA,NA
"Bevölkerungsdichte","insgesamt",2002,"08","Schwanthalerhöhe",12114,25078,2.1,NA,NA,NA,"Hauptwohnsitzbevölkerung (insgesamt)","Fläche in km²",NA,NA,NA
"Bevölkerungsdichte","insgesamt",2002,"09","Neuhausen - Nymphenburg",6345,81947,12.9,NA,NA,NA,"Hauptwohnsitzbevölkerung (insgesamt)","Fläche in km²",NA,NA,NA
"Bevölkerungsdichte","insgesamt",2002,"10","Moosach",4177,46333,11.1,NA,NA,NA,"Hauptwohnsitzbevölkerung (insgesamt)","Fläche in km²",NA,NA,NA
"Bevölkerungsdichte","insgesamt",2002,"11","Milbertshofen - Am Hart",4596,61655,13.4,NA,NA,NA,"Hauptwohnsitzbevölkerung (insgesamt)","Fläche in km²",NA,NA,NA
"Bevölkerungsdichte","insgesamt",2002,"12","Schwabing - Freimann",2340,60060,25.7,NA,NA,NA,"Hauptwohnsitzbevölkerung (insgesamt)","Fläche in km²",NA,NA,NA
"Bevölkerungsdichte","insgesamt",2002,"13","Bogenhausen",3055,72429,23.7,NA,NA,NA,"Hauptwohnsitzbevölkerung (insgesamt)","Fläche in km²",NA,NA,NA
"Bevölkerungsdichte","insgesamt",2002,"14","Berg am Laim",5981,37769,6.3,NA,NA,NA,"Hauptwohnsitzbevölkerung (insgesamt)","Fläche in km²",NA,NA,NA
"Bevölkerungsdichte","insgesamt",2002,"15","Trudering - Riem",2102,47186,22.5,NA,NA,NA,"Hauptwohnsitzbevölkerung (insgesamt)","Fläche in km²",NA,NA,NA
"Bevölkerungsdichte","insgesamt",2002,"16","Ramersdorf - Perlach",5033,100129,19.9,NA,NA,NA,"Hauptwohnsitzbevölkerung (insgesamt)","Fläche in km²",NA,NA,NA
"Bevölkerungsdichte","insgesamt",2002,"17","Obergiesing - Fasangarten",7800,44616,5.7,NA,NA,NA,"Hauptwohnsitzbevölkerung (insgesamt)","Fläche in km²",NA,NA,NA
"Bevölkerungsdichte","insgesamt",2002,"18","Untergiesing - Harlaching",5771,46495,8.1,NA,NA,NA,"Hauptwohnsitzbevölkerung (insgesamt)","Fläche in km²",NA,NA,NA
"Bevölkerungsdichte","insgesamt",2002,"19","Thalkirchen - Obersendling - Forstenried - Fürstenried - Solln",4374,77659,17.8,NA,NA,NA,"Hauptwohnsitzbevölkerung (insgesamt)","Fläche in km²",NA,NA,NA
"Bevölkerungsdichte","insgesamt",2002,"20","Hadern",4614,42563,9.2,NA,NA,NA,"Hauptwohnsitzbevölkerung (insgesamt)","Fläche in km²",NA,NA,NA
"Bevölkerungsdichte","insgesamt",2002,"21","Pasing - Obermenzing",3674,60616,16.5,NA,NA,NA,"Hauptwohnsitzbevölkerung (insgesamt)","Fläche in km²",NA,NA,NA
"Bevölkerungsdichte","insgesamt",2002,"22","Aubing - Lochhausen - Langwied",1102,37532,34.1,NA,NA,NA,"Hauptwohnsitzbevölkerung (insgesamt)","Fläche in km²",NA,NA,NA
"Bevölkerungsdichte","insgesamt",2002,"23","Allach - Untermenzing",1741,26903,15.5,NA,NA,NA,"Hauptwohnsitzbevölkerung (insgesamt)","Fläche in km²",NA,NA,NA
"Bevölkerungsdichte","insgesamt",2002,"24","Feldmoching - Hasenbergl",1832,53010,28.9,NA,NA,NA,"Hauptwohnsitzbevölkerung (insgesamt)","Fläche in km²",NA,NA,NA
"Bevölkerungsdichte","insgesamt",2002,"25","Laim",9196,48606,5.3,NA,NA,NA,"Hauptwohnsitzbevölkerung (insgesamt)","Fläche in km²",NA,NA,NA
"Bevölkerungsdichte","insgesamt",2001,"00","Stadt München",4057,1260597,310.7,NA,NA,NA,"Hauptwohnsitzbevölkerung (insgesamt)","Fläche in km²",NA,NA,NA
"Bevölkerungsdichte","insgesamt",2001,"01","Altstadt - Lehel",5869,18462,3.1,NA,NA,NA,"Hauptwohnsitzbevölkerung (insgesamt)","Fläche in km²",NA,NA,NA
"Bevölkerungsdichte","insgesamt",2001,"02","Ludwigsvorstadt - Isarvorstadt",10107,44484,4.4,NA,NA,NA,"Hauptwohnsitzbevölkerung (insgesamt)","Fläche in km²",NA,NA,NA
"Bevölkerungsdichte","insgesamt",2001,"03","Maxvorstadt",9809,42159,4.3,NA,NA,NA,"Hauptwohnsitzbevölkerung (insgesamt)","Fläche in km²",NA,NA,NA
"Bevölkerungsdichte","insgesamt",2001,"04","Schwabing - West",12510,54580,4.4,NA,NA,NA,"Hauptwohnsitzbevölkerung (insgesamt)","Fläche in km²",NA,NA,NA
"Bevölkerungsdichte","insgesamt",2001,"05","Au - Haidhausen",12311,51947,4.2,NA,NA,NA,"Hauptwohnsitzbevölkerung (insgesamt)","Fläche in km²",NA,NA,NA
"Bevölkerungsdichte","insgesamt",2001,"06","Sendling",8840,34820,3.9,NA,NA,NA,"Hauptwohnsitzbevölkerung (insgesamt)","Fläche in km²",NA,NA,NA
"Bevölkerungsdichte","insgesamt",2001,"07","Sendling - Westpark",6220,48608,7.8,NA,NA,NA,"Hauptwohnsitzbevölkerung (insgesamt)","Fläche in km²",NA,NA,NA
"Bevölkerungsdichte","insgesamt",2001,"08","Schwanthalerhöhe",12030,24905,2.1,NA,NA,NA,"Hauptwohnsitzbevölkerung (insgesamt)","Fläche in km²",NA,NA,NA
"Bevölkerungsdichte","insgesamt",2001,"09","Neuhausen - Nymphenburg",6368,82235,12.9,NA,NA,NA,"Hauptwohnsitzbevölkerung (insgesamt)","Fläche in km²",NA,NA,NA
"Bevölkerungsdichte","insgesamt",2001,"10","Moosach",4162,46174,11.1,NA,NA,NA,"Hauptwohnsitzbevölkerung (insgesamt)","Fläche in km²",NA,NA,NA
"Bevölkerungsdichte","insgesamt",2001,"11","Milbertshofen - Am Hart",4549,61034,13.4,NA,NA,NA,"Hauptwohnsitzbevölkerung (insgesamt)","Fläche in km²",NA,NA,NA
"Bevölkerungsdichte","insgesamt",2001,"12","Schwabing - Freimann",2314,59392,25.7,NA,NA,NA,"Hauptwohnsitzbevölkerung (insgesamt)","Fläche in km²",NA,NA,NA
"Bevölkerungsdichte","insgesamt",2001,"13","Bogenhausen",3025,71716,23.7,NA,NA,NA,"Hauptwohnsitzbevölkerung (insgesamt)","Fläche in km²",NA,NA,NA
"Bevölkerungsdichte","insgesamt",2001,"14","Berg am Laim",5946,37544,6.3,NA,NA,NA,"Hauptwohnsitzbevölkerung (insgesamt)","Fläche in km²",NA,NA,NA
"Bevölkerungsdichte","insgesamt",2001,"15","Trudering - Riem",2022,45403,22.5,NA,NA,NA,"Hauptwohnsitzbevölkerung (insgesamt)","Fläche in km²",NA,NA,NA
"Bevölkerungsdichte","insgesamt",2001,"16","Ramersdorf - Perlach",5046,100387,19.9,NA,NA,NA,"Hauptwohnsitzbevölkerung (insgesamt)","Fläche in km²",NA,NA,NA
"Bevölkerungsdichte","insgesamt",2001,"17","Obergiesing - Fasangarten",7717,44143,5.7,NA,NA,NA,"Hauptwohnsitzbevölkerung (insgesamt)","Fläche in km²",NA,NA,NA
"Bevölkerungsdichte","insgesamt",2001,"18","Untergiesing - Harlaching",5782,46580,8.1,NA,NA,NA,"Hauptwohnsitzbevölkerung (insgesamt)","Fläche in km²",NA,NA,NA
"Bevölkerungsdichte","insgesamt",2001,"19","Thalkirchen - Obersendling - Forstenried - Fürstenried - Solln",4366,77518,17.8,NA,NA,NA,"Hauptwohnsitzbevölkerung (insgesamt)","Fläche in km²",NA,NA,NA
"Bevölkerungsdichte","insgesamt",2001,"20","Hadern",4538,41858,9.2,NA,NA,NA,"Hauptwohnsitzbevölkerung (insgesamt)","Fläche in km²",NA,NA,NA
"Bevölkerungsdichte","insgesamt",2001,"21","Pasing - Obermenzing",3664,60445,16.5,NA,NA,NA,"Hauptwohnsitzbevölkerung (insgesamt)","Fläche in km²",NA,NA,NA
"Bevölkerungsdichte","insgesamt",2001,"22","Aubing - Lochhausen - Langwied",1107,37693,34.1,NA,NA,NA,"Hauptwohnsitzbevölkerung (insgesamt)","Fläche in km²",NA,NA,NA
"Bevölkerungsdichte","insgesamt",2001,"23","Allach - Untermenzing",1734,26794,15.5,NA,NA,NA,"Hauptwohnsitzbevölkerung (insgesamt)","Fläche in km²",NA,NA,NA
"Bevölkerungsdichte","insgesamt",2001,"24","Feldmoching - Hasenbergl",1828,52896,28.9,NA,NA,NA,"Hauptwohnsitzbevölkerung (insgesamt)","Fläche in km²",NA,NA,NA
"Bevölkerungsdichte","insgesamt",2001,"25","Laim",9221,48739,5.3,NA,NA,NA,"Hauptwohnsitzbevölkerung (insgesamt)","Fläche in km²",NA,NA,NA
"Bevölkerungsdichte","insgesamt",2000,"00","Stadt München",4016,1247934,310.7,NA,NA,NA,"Hauptwohnsitzbevölkerung (insgesamt)","Fläche in km²",NA,NA,NA
"Bevölkerungsdichte","insgesamt",2000,"01","Altstadt - Lehel",5841,18374,3.1,NA,NA,NA,"Hauptwohnsitzbevölkerung (insgesamt)","Fläche in km²",NA,NA,NA
"Bevölkerungsdichte","insgesamt",2000,"02","Ludwigsvorstadt - Isarvorstadt",10099,44451,4.4,NA,NA,NA,"Hauptwohnsitzbevölkerung (insgesamt)","Fläche in km²",NA,NA,NA
"Bevölkerungsdichte","insgesamt",2000,"03","Maxvorstadt",9708,41726,4.3,NA,NA,NA,"Hauptwohnsitzbevölkerung (insgesamt)","Fläche in km²",NA,NA,NA
"Bevölkerungsdichte","insgesamt",2000,"04","Schwabing - West",12328,53789,4.4,NA,NA,NA,"Hauptwohnsitzbevölkerung (insgesamt)","Fläche in km²",NA,NA,NA
"Bevölkerungsdichte","insgesamt",2000,"05","Au - Haidhausen",12330,52028,4.2,NA,NA,NA,"Hauptwohnsitzbevölkerung (insgesamt)","Fläche in km²",NA,NA,NA
"Bevölkerungsdichte","insgesamt",2000,"06","Sendling",8749,34462,3.9,NA,NA,NA,"Hauptwohnsitzbevölkerung (insgesamt)","Fläche in km²",NA,NA,NA
"Bevölkerungsdichte","insgesamt",2000,"07","Sendling - Westpark",6192,48388,7.8,NA,NA,NA,"Hauptwohnsitzbevölkerung (insgesamt)","Fläche in km²",NA,NA,NA
"Bevölkerungsdichte","insgesamt",2000,"08","Schwanthalerhöhe",12019,24883,2.1,NA,NA,NA,"Hauptwohnsitzbevölkerung (insgesamt)","Fläche in km²",NA,NA,NA
"Bevölkerungsdichte","insgesamt",2000,"09","Neuhausen - Nymphenburg",6347,81968,12.9,NA,NA,NA,"Hauptwohnsitzbevölkerung (insgesamt)","Fläche in km²",NA,NA,NA
"Bevölkerungsdichte","insgesamt",2000,"10","Moosach",4102,45507,11.1,NA,NA,NA,"Hauptwohnsitzbevölkerung (insgesamt)","Fläche in km²",NA,NA,NA
"Bevölkerungsdichte","insgesamt",2000,"11","Milbertshofen - Am Hart",4489,60225,13.4,NA,NA,NA,"Hauptwohnsitzbevölkerung (insgesamt)","Fläche in km²",NA,NA,NA
"Bevölkerungsdichte","insgesamt",2000,"12","Schwabing - Freimann",2246,57653,25.7,NA,NA,NA,"Hauptwohnsitzbevölkerung (insgesamt)","Fläche in km²",NA,NA,NA
"Bevölkerungsdichte","insgesamt",2000,"13","Bogenhausen",2994,70984,23.7,NA,NA,NA,"Hauptwohnsitzbevölkerung (insgesamt)","Fläche in km²",NA,NA,NA
"Bevölkerungsdichte","insgesamt",2000,"14","Berg am Laim",5862,37017,6.3,NA,NA,NA,"Hauptwohnsitzbevölkerung (insgesamt)","Fläche in km²",NA,NA,NA
"Bevölkerungsdichte","insgesamt",2000,"15","Trudering - Riem",1915,43003,22.5,NA,NA,NA,"Hauptwohnsitzbevölkerung (insgesamt)","Fläche in km²",NA,NA,NA
"Bevölkerungsdichte","insgesamt",2000,"16","Ramersdorf - Perlach",5026,99995,19.9,NA,NA,NA,"Hauptwohnsitzbevölkerung (insgesamt)","Fläche in km²",NA,NA,NA
"Bevölkerungsdichte","insgesamt",2000,"17","Obergiesing - Fasangarten",7687,43974,5.7,NA,NA,NA,"Hauptwohnsitzbevölkerung (insgesamt)","Fläche in km²",NA,NA,NA
"Bevölkerungsdichte","insgesamt",2000,"18","Untergiesing - Harlaching",5729,46153,8.1,NA,NA,NA,"Hauptwohnsitzbevölkerung (insgesamt)","Fläche in km²",NA,NA,NA
"Bevölkerungsdichte","insgesamt",2000,"19","Thalkirchen - Obersendling - Forstenried - Fürstenried - Solln",4324,76762,17.8,NA,NA,NA,"Hauptwohnsitzbevölkerung (insgesamt)","Fläche in km²",NA,NA,NA
"Bevölkerungsdichte","insgesamt",2000,"20","Hadern",4520,41689,9.2,NA,NA,NA,"Hauptwohnsitzbevölkerung (insgesamt)","Fläche in km²",NA,NA,NA
"Bevölkerungsdichte","insgesamt",2000,"21","Pasing - Obermenzing",3622,59758,16.5,NA,NA,NA,"Hauptwohnsitzbevölkerung (insgesamt)","Fläche in km²",NA,NA,NA
"Bevölkerungsdichte","insgesamt",2000,"22","Aubing - Lochhausen - Langwied",1099,37423,34.1,NA,NA,NA,"Hauptwohnsitzbevölkerung (insgesamt)","Fläche in km²",NA,NA,NA
"Bevölkerungsdichte","insgesamt",2000,"23","Allach - Untermenzing",1727,26682,15.5,NA,NA,NA,"Hauptwohnsitzbevölkerung (insgesamt)","Fläche in km²",NA,NA,NA
"Bevölkerungsdichte","insgesamt",2000,"24","Feldmoching - Hasenbergl",1811,52413,28.9,NA,NA,NA,"Hauptwohnsitzbevölkerung (insgesamt)","Fläche in km²",NA,NA,NA
"Bevölkerungsdichte","insgesamt",2000,"25","Laim",9182,48534,5.3,NA,NA,NA,"Hauptwohnsitzbevölkerung (insgesamt)","Fläche in km²",NA,NA,NA
